farmer_type,ndvi_5yr_avg,rainfall_mm,soil_npk_index,crop_price_inr,default_risk_label
Experienced,0.5974,466.4,65.87,2320.98,0
New_Farmer,0.0,579.39,46.79,1126.24,1
Experienced,0.6088,569.13,82.23,2066.49,1
Experienced,0.5038,593.44,55.61,1889.97,1
New_Farmer,0.0,793.08,20.09,2675.53,1
New_Farmer,0.0,757.27,41.61,1895.58,1
Experienced,0.6772,540.51,66.65,2037.66,1
New_Farmer,0.0,655.19,30.32,1298.08,1
Experienced,0.764,963.04,67.52,1679.65,0
New_Farmer,0.0,1121.08,7.08,2547.09,1
New_Farmer,0.0,695.62,33.31,1389.09,1
New_Farmer,0.0,808.51,34.76,2344.26,1
Experienced,0.4285,922.43,53.33,1456.68,0
Experienced,0.5706,709.46,62.71,3100.19,1
Experienced,0.4232,498.75,59.75,3414.76,1
Experienced,0.6356,1052.54,68.48,2618.99,0
New_Farmer,0.0,1333.81,26.94,1817.22,1
New_Farmer,0.0,586.62,61.08,1457.23,1
Experienced,0.8646,685.17,51.43,2485.45,0
New_Farmer,0.0,756.92,61.87,1530.21,0
Experienced,0.4468,832.08,47.38,3102.84,1
Experienced,0.7646,469.14,71.71,2375.52,0
Experienced,0.5303,763.54,65.3,2282.09,0
New_Farmer,0.0,677.48,26.7,2579.65,1
Experienced,0.4,910.32,57.24,2604.43,0
Experienced,0.5024,928.23,59.1,2529.35,1
New_Farmer,0.0,867.88,65.45,2639.08,1
Experienced,0.8623,827.93,69.63,4026.06,0
Experienced,0.8364,489.63,33.75,2309.96,1
Experienced,0.4309,348.36,47.7,1981.76,1
Experienced,0.449,761.57,51.11,3313.89,0
New_Farmer,0.0,530.06,37.84,1217.42,1
Experienced,0.4656,677.39,69.01,1435.18,0
New_Farmer,0.0,266.08,34.84,2808.34,1
New_Farmer,0.0,693.29,29.61,1395.32,1
Experienced,0.741,706.12,53.94,2237.22,0
Experienced,0.4291,585.09,73.97,2184.96,1
Experienced,0.8728,852.76,60.07,1971.06,1
Experienced,0.7062,570.05,66.92,2515.07,0
Experienced,0.9,321.72,40.81,1849.08,1
New_Farmer,0.0,781.44,44.62,2578.43,1
New_Farmer,0.0,642.06,46.05,2445.78,1
Experienced,0.7692,450.73,65.18,2584.99,1
Experienced,0.8382,538.43,55.59,2428.83,0
New_Farmer,0.0,935.69,67.66,1873.75,0
New_Farmer,0.0,1109.47,62.14,1992.74,1
New_Farmer,0.0,685.2,71.23,2513.04,0
New_Farmer,0.0,593.34,49.59,2197.33,1
New_Farmer,0.0,824.21,36.73,3117.58,1
New_Farmer,0.0,486.07,24.59,1723.8,1
Experienced,0.8143,858.34,47.92,2440.67,0
Experienced,0.8466,1048.17,53.52,1245.34,0
Experienced,0.5336,505.49,57.34,2244.91,0
Experienced,0.7284,385.09,79.4,2413.33,1
Experienced,0.6657,763.65,78.38,2318.16,0
New_Farmer,0.0,595.91,37.62,1263.27,1
New_Farmer,0.0,1104.1,46.45,2946.16,0
New_Farmer,0.0,626.05,9.1,2123.69,1
New_Farmer,0.0,789.94,30.31,1830.29,1
Experienced,0.4758,618.13,43.54,2142.41,1
Experienced,0.8082,753.09,48.03,2330.17,0
Experienced,0.5183,691.45,23.5,1443.55,1
Experienced,0.658,981.3,57.71,1720.32,0
Experienced,0.5699,577.87,43.77,3138.54,0
Experienced,0.7867,987.92,40.61,2142.48,1
Experienced,0.8884,390.42,67.35,1774.57,1
Experienced,0.8936,924.44,54.97,1724.91,0
New_Farmer,0.0,867.36,47.82,3144.48,1
New_Farmer,0.0,486.86,5.85,1318.14,1
Experienced,0.6911,726.26,43.36,1918.34,1
Experienced,0.6995,943.98,23.9,1864.76,1
New_Farmer,0.0,673.5,48.06,1785.9,1
New_Farmer,0.0,777.22,86.01,2587.6,0
Experienced,0.6052,286.23,54.29,2242.39,1
New_Farmer,0.0,101.98,50.85,2450.44,1
Experienced,0.7988,652.89,68.57,3301.35,0
New_Farmer,0.0,926.76,27.18,2168.95,1
New_Farmer,0.0,1053.72,37.85,1940.52,1
New_Farmer,0.0,800.83,82.88,1746.53,1
Experienced,0.5892,911.16,59.26,2411.27,0
New_Farmer,0.0,887.86,52.03,2384.79,1
Experienced,0.8677,635.33,55.26,2651.72,1
Experienced,0.4042,1002.27,48.67,2612.69,0
Experienced,0.4853,1166.6,42.66,2153.33,1
Experienced,0.6886,526.58,67.87,1801.0,0
Experienced,0.5046,737.45,56.85,2281.78,1
Experienced,0.7754,1093.03,19.37,1104.51,0
Experienced,0.7314,570.8,56.01,2120.04,1
Experienced,0.4,771.8,57.3,2478.68,1
New_Farmer,0.0,816.51,35.91,2612.87,1
New_Farmer,0.0,1175.43,21.38,1640.63,1
New_Farmer,0.0,1203.0,4.94,2934.8,1
New_Farmer,0.0,1078.94,87.74,2436.87,0
Experienced,0.4961,842.57,36.07,2515.24,1
New_Farmer,0.0,1150.98,64.59,1187.51,0
Experienced,0.6881,604.01,35.39,1821.64,0
Experienced,0.8745,655.63,47.11,2523.8,1
Experienced,0.7161,1018.62,48.65,2202.5,0
New_Farmer,0.0,840.4,22.75,2561.76,1
Experienced,0.4982,918.14,77.64,2278.17,0
New_Farmer,0.0,682.85,13.42,2320.16,1
Experienced,0.4238,474.15,77.57,2124.02,0
New_Farmer,0.0,838.05,23.27,2796.84,1
Experienced,0.5602,811.92,71.98,2397.89,0
Experienced,0.6224,974.91,64.14,1305.31,0
Experienced,0.558,517.77,30.9,1623.29,1
New_Farmer,0.0,391.55,49.51,2186.18,1
New_Farmer,0.0,547.62,35.86,2354.86,1
New_Farmer,0.0,474.54,59.14,1861.4,1
Experienced,0.6934,586.6,54.39,2272.99,0
Experienced,0.5368,422.94,52.54,3062.47,1
Experienced,0.7147,634.65,74.94,2564.57,0
New_Farmer,0.0,1022.54,64.47,2327.67,0
Experienced,0.8335,876.08,58.33,2289.37,1
New_Farmer,0.0,618.93,42.35,2538.73,0
Experienced,0.713,1122.64,63.76,2357.61,0
New_Farmer,0.0,747.9,36.42,2124.65,1
Experienced,0.7091,966.83,53.08,2431.81,0
Experienced,0.6179,375.74,28.43,2429.76,1
Experienced,0.7457,596.14,53.61,1598.84,0
New_Farmer,0.0,691.46,50.02,1970.21,1
New_Farmer,0.0,965.79,38.83,2371.02,1
Experienced,0.7887,879.97,70.1,1686.59,0
Experienced,0.4552,737.39,46.67,3123.06,1
Experienced,0.7745,650.74,29.47,1988.73,0
New_Farmer,0.0,834.04,42.2,1874.63,1
Experienced,0.6698,965.97,50.45,2244.46,1
Experienced,0.7923,627.35,52.03,2365.68,0
New_Farmer,0.0,811.55,64.8,2409.67,1
Experienced,0.7153,1073.51,85.4,2315.92,0
Experienced,0.8992,512.84,52.93,2510.86,0
Experienced,0.4972,759.98,53.26,2331.69,1
New_Farmer,0.0,547.14,73.36,1567.19,0
Experienced,0.7715,1029.28,59.78,2135.0,1
New_Farmer,0.0,354.86,73.06,2466.5,1
New_Farmer,0.0,510.06,46.61,2596.99,1
New_Farmer,0.0,750.32,24.21,2240.9,1
Experienced,0.8857,821.23,38.65,2044.05,1
New_Farmer,0.0,274.36,38.13,2899.28,1
New_Farmer,0.0,1055.65,42.69,2273.47,0
New_Farmer,0.0,680.57,43.99,2422.42,1
Experienced,0.8704,744.45,35.9,2623.32,1
New_Farmer,0.0,805.46,30.06,2414.51,1
New_Farmer,0.0,760.51,66.41,2386.36,0
New_Farmer,0.0,799.4,38.4,2159.3,0
Experienced,0.5963,468.19,49.07,2365.19,1
New_Farmer,0.0,1163.41,56.16,2000.72,1
New_Farmer,0.0,898.87,57.36,2745.5,1
New_Farmer,0.0,382.88,13.09,2885.11,1
Experienced,0.6092,1161.21,77.4,1837.76,0
New_Farmer,0.0,706.69,26.74,1388.97,1
New_Farmer,0.0,854.86,57.68,2519.15,0
Experienced,0.4604,880.86,30.78,2166.7,1
New_Farmer,0.0,1105.02,61.56,1759.6,1
Experienced,0.4813,1211.42,64.44,2289.19,1
Experienced,0.4222,1091.52,65.68,2243.09,0
Experienced,0.713,1028.73,57.28,2050.54,1
New_Farmer,0.0,1076.04,29.05,2260.47,1
New_Farmer,0.0,494.75,37.62,2365.32,1
New_Farmer,0.0,1322.72,33.85,1431.68,1
New_Farmer,0.0,490.58,19.54,1128.28,1
Experienced,0.4432,689.87,43.96,1782.11,1
Experienced,0.8277,874.0,95.66,1603.28,0
Experienced,0.4202,1189.26,66.54,2241.25,1
New_Farmer,0.0,1128.8,36.68,2744.35,1
New_Farmer,0.0,1044.39,46.78,3274.13,1
New_Farmer,0.0,830.37,52.98,1585.02,1
New_Farmer,0.0,420.97,5.5,2294.23,1
Experienced,0.8228,777.28,59.72,2639.25,0
Experienced,0.6018,690.8,70.22,1769.75,0
New_Farmer,0.0,699.69,56.3,2797.66,1
New_Farmer,0.0,596.57,25.28,2274.86,1
New_Farmer,0.0,444.19,40.19,1511.84,1
New_Farmer,0.0,502.24,42.52,1806.08,1
New_Farmer,0.0,591.35,45.34,2216.78,1
Experienced,0.7097,135.96,70.41,1538.22,1
Experienced,0.7792,944.49,56.59,2120.18,0
New_Farmer,0.0,684.04,54.2,2158.19,1
Experienced,0.5462,710.18,86.09,1559.74,1
New_Farmer,0.0,412.06,11.81,1926.32,1
New_Farmer,0.0,769.51,71.16,2884.3,1
New_Farmer,0.0,1177.81,40.79,2091.14,1
Experienced,0.5867,515.72,72.2,2748.64,1
New_Farmer,0.0,298.88,76.31,1987.65,0
New_Farmer,0.0,558.25,46.85,2870.71,1
Experienced,0.4512,913.88,54.64,1893.76,1
Experienced,0.8418,684.19,39.39,2720.79,0
Experienced,0.826,976.07,71.08,1676.82,0
Experienced,0.7679,737.21,56.67,2536.2,0
Experienced,0.658,883.91,34.54,2566.65,0
Experienced,0.5259,728.29,58.3,1832.6,0
Experienced,0.4942,1031.76,48.64,2114.82,0
Experienced,0.8213,562.4,89.27,1970.15,0
Experienced,0.4272,361.81,79.31,1985.76,1
Experienced,0.6741,1261.46,84.45,2730.72,0
Experienced,0.4481,674.17,54.8,2530.92,0
New_Farmer,0.0,470.07,29.4,1991.41,1
Experienced,0.7144,1226.59,58.52,2392.56,0
Experienced,0.5,374.54,42.72,1977.43,1
New_Farmer,0.0,631.38,31.88,2299.79,1
Experienced,0.622,1179.89,74.29,2566.12,0
New_Farmer,0.0,788.27,46.98,1626.51,1
Experienced,0.5358,644.95,85.29,1966.43,1
Experienced,0.4,673.32,65.29,2193.49,1
Experienced,0.5025,407.9,94.6,2248.02,1
Experienced,0.6534,1038.19,53.42,2159.3,0
New_Farmer,0.0,810.12,61.66,921.48,0
New_Farmer,0.0,1090.52,44.85,1744.41,0
Experienced,0.4833,1036.98,45.35,1512.26,0
New_Farmer,0.0,690.67,42.4,3748.93,1
New_Farmer,0.0,563.4,10.54,2182.43,1
New_Farmer,0.0,1070.48,47.67,2559.74,1
Experienced,0.8561,652.19,54.58,1951.65,1
Experienced,0.7122,743.31,82.04,2152.69,0
New_Farmer,0.0,966.34,69.94,3405.62,0
New_Farmer,0.0,800.98,80.92,2190.52,1
Experienced,0.6555,604.61,52.05,2681.67,1
New_Farmer,0.0,586.44,23.51,2957.44,1
Experienced,0.824,865.27,57.39,1732.07,0
Experienced,0.8198,904.33,71.07,1499.9,0
Experienced,0.4233,1012.09,39.77,2588.71,1
New_Farmer,0.0,1233.66,44.55,1622.85,1
New_Farmer,0.0,686.22,41.63,1657.1,1
New_Farmer,0.0,588.73,54.21,1996.6,0
Experienced,0.4374,649.83,62.3,3150.26,1
New_Farmer,0.0,1004.82,27.51,2307.4,1
Experienced,0.7976,759.65,53.47,1872.11,0
Experienced,0.8214,867.02,72.75,3529.69,0
Experienced,0.7141,735.32,75.78,3009.16,0
Experienced,0.4564,351.23,59.11,1023.07,1
Experienced,0.6399,591.7,58.78,1846.85,1
Experienced,0.5512,433.05,62.2,1580.46,1
New_Farmer,0.0,803.33,40.75,1678.58,1
Experienced,0.6472,728.83,72.43,2033.7,0
New_Farmer,0.0,643.39,60.73,2930.15,1
Experienced,0.4551,962.36,47.25,1098.5,1
New_Farmer,0.0,642.34,34.35,2114.97,1
Experienced,0.4079,927.75,62.01,2608.68,0
Experienced,0.6234,597.4,53.48,2297.92,1
Experienced,0.832,585.25,89.5,1624.3,1
Experienced,0.8104,886.23,61.16,2636.59,1
New_Farmer,0.0,409.13,74.02,2004.56,1
Experienced,0.4894,742.19,55.97,1532.26,1
New_Farmer,0.0,1175.06,19.39,1801.93,0
Experienced,0.4028,458.99,64.59,2189.01,1
Experienced,0.8537,905.76,52.02,2807.72,0
Experienced,0.4835,246.27,82.39,3293.94,1
New_Farmer,0.0,473.76,32.71,2035.69,1
New_Farmer,0.0,955.9,3.44,2002.63,1
Experienced,0.9,817.59,70.94,3179.14,0
Experienced,0.6679,611.44,62.48,2468.77,0
New_Farmer,0.0,669.79,18.0,2143.74,1
New_Farmer,0.0,462.89,37.36,1791.38,1
Experienced,0.8392,750.27,63.87,2455.15,0
Experienced,0.655,996.23,72.09,2335.27,0
Experienced,0.741,658.95,49.82,2801.7,1
New_Farmer,0.0,852.9,34.54,2339.34,1
New_Farmer,0.0,823.95,28.17,2178.9,1
New_Farmer,0.0,659.9,30.37,1927.49,1
Experienced,0.6342,685.99,68.35,2631.19,0
New_Farmer,0.0,908.21,41.28,1968.67,1
Experienced,0.7036,1082.38,40.75,755.79,0
Experienced,0.7676,978.66,67.93,2432.38,0
New_Farmer,0.0,687.93,8.37,1753.26,1
New_Farmer,0.0,980.93,21.65,1638.0,1
New_Farmer,0.0,568.98,62.04,2261.52,1
New_Farmer,0.0,665.71,86.56,2933.83,0
Experienced,0.8802,484.48,74.98,2301.67,0
Experienced,0.6113,898.53,37.47,2153.37,1
New_Farmer,0.0,777.82,50.46,2425.71,1
New_Farmer,0.0,966.85,75.31,1774.01,0
Experienced,0.7209,1130.47,48.25,2297.78,1
Experienced,0.5315,487.52,32.0,1625.45,1
Experienced,0.6651,716.49,62.45,2497.65,0
Experienced,0.6617,948.13,53.96,2237.42,1
Experienced,0.4074,977.96,38.07,2530.98,1
Experienced,0.7791,339.82,49.16,2153.41,1
Experienced,0.5183,660.11,54.5,2788.9,1
Experienced,0.7344,1122.5,48.5,1596.01,0
New_Farmer,0.0,402.07,45.93,2119.2,1
New_Farmer,0.0,663.26,36.72,2006.48,1
Experienced,0.4888,374.83,56.92,2066.35,1
Experienced,0.4408,409.44,61.16,2240.2,1
New_Farmer,0.0,1189.7,41.65,2411.75,1
New_Farmer,0.0,695.73,73.74,2433.42,1
Experienced,0.5521,892.59,70.22,2108.75,1
New_Farmer,0.0,502.56,56.68,2019.29,0
New_Farmer,0.0,733.9,48.59,2315.06,1
Experienced,0.7285,961.7,48.53,1928.6,0
New_Farmer,0.0,710.88,55.08,3126.54,1
Experienced,0.5916,707.63,71.17,2114.2,1
New_Farmer,0.0,381.41,38.07,2339.41,1
Experienced,0.5483,854.91,74.55,2567.03,0
New_Farmer,0.0,797.76,33.79,1721.22,0
Experienced,0.5566,907.1,40.37,2567.7,1
Experienced,0.5054,874.27,70.55,2083.37,0
Experienced,0.6863,523.33,69.42,2448.01,0
Experienced,0.4621,962.79,91.57,3751.99,1
Experienced,0.7411,909.78,64.12,2637.05,0
Experienced,0.7396,943.84,70.41,2222.6,0
New_Farmer,0.0,505.96,75.67,2092.86,1
New_Farmer,0.0,832.26,45.52,2114.29,1
New_Farmer,0.0,764.86,71.78,1567.29,0
New_Farmer,0.0,901.58,39.38,2707.36,1
Experienced,0.8205,672.68,59.12,1360.59,1
New_Farmer,0.0,450.41,27.88,1979.56,1
New_Farmer,0.0,1062.67,44.18,1778.44,0
Experienced,0.6041,860.22,51.14,2333.24,1
Experienced,0.8957,679.1,42.81,2611.96,0
Experienced,0.6424,589.06,46.01,1705.45,0
New_Farmer,0.0,770.22,30.37,2803.36,1
Experienced,0.7379,353.68,74.44,2594.37,1
Experienced,0.7368,911.7,56.34,2198.16,0
Experienced,0.8182,894.95,45.08,2124.01,1
Experienced,0.6043,648.53,85.24,2901.27,0
Experienced,0.4909,838.99,67.09,1877.98,1
Experienced,0.7224,1124.29,68.95,2453.52,0
New_Farmer,0.0,735.78,81.38,2102.03,0
Experienced,0.5408,936.52,57.34,2729.25,1
New_Farmer,0.0,1175.68,81.3,1689.06,0
Experienced,0.6386,745.11,53.69,2880.26,0
Experienced,0.8347,879.63,72.87,2152.31,0
Experienced,0.5839,1058.11,75.48,1979.71,0
New_Farmer,0.0,713.83,2.2,1985.67,1
New_Farmer,0.0,818.92,66.05,2142.17,0
New_Farmer,0.0,821.59,26.7,2447.54,1
Experienced,0.4776,555.59,42.32,2085.65,1
Experienced,0.5305,573.8,77.49,3286.43,1
Experienced,0.4951,137.83,60.22,2326.89,1
New_Farmer,0.0,765.83,24.52,1890.67,1
New_Farmer,0.0,780.94,2.78,2288.35,1
New_Farmer,0.0,983.46,51.29,2895.88,0
New_Farmer,0.0,638.08,40.09,2864.58,1
Experienced,0.8448,638.21,58.26,2650.67,0
Experienced,0.602,473.28,45.26,1608.73,1
New_Farmer,0.0,1060.19,61.06,1587.02,0
Experienced,0.7866,871.98,59.82,2926.38,1
New_Farmer,0.0,744.86,46.04,2320.86,1
New_Farmer,0.0,758.15,61.85,1621.07,0
Experienced,0.4871,461.12,48.29,2023.64,0
New_Farmer,0.0,557.89,69.83,1845.85,0
New_Farmer,0.0,939.46,47.22,2336.09,1
Experienced,0.7032,932.8,71.33,1607.02,0
New_Farmer,0.0,749.37,33.56,1615.38,1
Experienced,0.6756,781.88,55.46,2520.81,0
New_Farmer,0.0,889.58,32.08,2122.02,1
Experienced,0.422,673.23,79.47,1954.37,1
New_Farmer,0.0,820.59,70.09,3176.33,0
New_Farmer,0.0,1188.62,35.89,1338.99,1
New_Farmer,0.0,876.62,65.08,1850.67,0
Experienced,0.6,1245.5,58.01,2657.49,1
Experienced,0.7492,847.48,92.91,1968.67,0
Experienced,0.816,509.57,99.59,1718.63,0
Experienced,0.5662,1150.73,49.15,2093.32,0
New_Farmer,0.0,960.54,34.75,2221.78,0
Experienced,0.4237,612.98,55.64,2027.87,1
New_Farmer,0.0,620.91,8.87,1849.1,1
New_Farmer,0.0,596.91,30.26,1487.19,1
New_Farmer,0.0,589.22,7.24,2032.3,1
New_Farmer,0.0,1443.89,51.95,1522.54,1
New_Farmer,0.0,611.73,22.91,958.3,1
Experienced,0.5541,852.33,78.26,2212.2,0
Experienced,0.7812,146.72,40.08,1966.73,1
New_Farmer,0.0,172.85,38.42,2361.22,1
New_Farmer,0.0,644.76,51.72,1290.02,1
Experienced,0.5431,820.42,51.02,1948.24,0
Experienced,0.4692,1059.31,53.24,1861.84,1
Experienced,0.5132,510.04,68.84,2073.65,1
Experienced,0.4669,217.01,49.9,2196.16,1
New_Farmer,0.0,647.01,2.57,1117.22,1
Experienced,0.8959,404.35,52.39,2808.95,1
Experienced,0.7076,756.0,72.28,1922.57,0
Experienced,0.4828,684.61,57.69,1966.03,1
New_Farmer,0.0,1034.57,33.79,2844.88,1
New_Farmer,0.0,899.97,85.04,2017.73,1
New_Farmer,0.0,505.59,24.06,2392.12,1
Experienced,0.549,843.35,70.95,1694.5,0
New_Farmer,0.0,630.11,9.9,1859.95,1
Experienced,0.9,820.13,62.93,832.64,1
Experienced,0.6866,509.53,87.4,2621.92,0
New_Farmer,0.0,973.39,34.44,1867.72,1
New_Farmer,0.0,549.67,5.34,2186.67,1
New_Farmer,0.0,648.43,45.76,1617.41,0
Experienced,0.8083,810.26,89.57,2625.2,0
New_Farmer,0.0,748.46,29.79,1610.04,0
New_Farmer,0.0,721.1,37.27,1647.33,1
Experienced,0.888,279.73,44.42,2012.64,1
Experienced,0.558,359.23,68.75,2395.95,1
Experienced,0.5696,384.57,16.59,1957.96,1
New_Farmer,0.0,1027.13,11.52,1904.67,1
Experienced,0.6045,626.9,66.12,1715.67,0
New_Farmer,0.0,432.32,40.43,2379.9,1
Experienced,0.6873,1034.19,54.38,2369.97,1
Experienced,0.7259,298.52,52.3,2288.88,1
New_Farmer,0.0,677.71,35.12,1332.53,1
New_Farmer,0.0,1076.98,72.12,2904.95,0
Experienced,0.7783,651.75,61.88,2268.5,0
Experienced,0.8288,806.32,94.8,864.41,0
New_Farmer,0.0,1107.99,30.9,2777.2,1
Experienced,0.8025,752.84,56.1,2859.21,1
Experienced,0.6236,276.83,53.4,2021.76,1
New_Farmer,0.0,376.77,51.61,1942.76,0
New_Farmer,0.0,160.44,70.01,2176.52,1
Experienced,0.4246,328.62,80.38,2239.6,1
New_Farmer,0.0,639.58,61.4,1012.75,1
New_Farmer,0.0,882.08,55.92,1859.3,0
New_Farmer,0.0,604.7,0.26,1922.68,1
Experienced,0.7947,437.34,54.3,2393.35,1
Experienced,0.4344,732.12,53.11,1714.63,1
New_Farmer,0.0,882.51,36.65,1425.06,1
Experienced,0.5865,891.26,69.01,1925.25,1
Experienced,0.8507,688.49,28.84,1528.03,1
New_Farmer,0.0,840.08,49.29,2339.26,0
Experienced,0.5355,589.2,76.75,2462.31,1
New_Farmer,0.0,209.08,79.45,2589.28,1
New_Farmer,0.0,1071.9,58.33,2157.28,0
Experienced,0.8835,638.97,27.87,1673.34,0
Experienced,0.4175,769.29,63.16,2637.05,1
Experienced,0.5631,729.62,72.07,2425.1,1
New_Farmer,0.0,732.11,67.22,2727.82,0
Experienced,0.677,1117.59,75.96,1588.69,0
Experienced,0.6146,984.39,71.09,1745.05,0
Experienced,0.6416,906.56,60.83,1770.68,1
New_Farmer,0.0,494.38,38.12,2849.85,1
New_Farmer,0.0,484.74,13.03,2665.46,1
Experienced,0.4724,1204.15,70.54,2670.59,0
Experienced,0.4092,867.37,53.0,1291.65,1
Experienced,0.7156,549.92,62.23,2790.15,1
New_Farmer,0.0,545.04,23.63,2531.18,1
Experienced,0.7515,1069.84,82.0,1600.79,0
Experienced,0.5894,644.88,60.92,2571.72,1
New_Farmer,0.0,1147.98,56.62,2027.98,1
Experienced,0.4104,826.33,59.32,1126.06,1
Experienced,0.8612,295.22,40.02,1861.51,1
Experienced,0.4589,770.48,96.11,1890.28,0
New_Farmer,0.0,855.96,26.74,3219.32,1
Experienced,0.8029,536.7,60.29,2621.95,1
New_Farmer,0.0,384.24,32.85,2277.13,1
Experienced,0.8187,618.51,50.76,2654.37,0
Experienced,0.7446,1118.69,57.09,1883.04,1
Experienced,0.6937,712.32,57.34,2620.45,1
New_Farmer,0.0,219.33,68.76,2249.23,0
Experienced,0.7082,893.8,62.4,3392.23,1
Experienced,0.6606,878.9,69.66,1612.95,0
Experienced,0.4762,628.51,57.21,2343.85,1
Experienced,0.4326,469.37,62.25,1779.25,1
Experienced,0.724,631.83,72.58,1367.85,0
New_Farmer,0.0,430.41,31.99,2138.95,1
Experienced,0.5986,163.61,58.87,2431.07,1
New_Farmer,0.0,905.55,65.44,1383.73,0
New_Farmer,0.0,1031.19,29.4,2054.53,1
Experienced,0.8803,889.47,52.56,2824.0,0
Experienced,0.4077,833.75,48.38,2412.45,1
New_Farmer,0.0,808.16,27.27,1552.51,1
New_Farmer,0.0,631.96,84.0,1194.7,0
New_Farmer,0.0,1423.64,17.74,1395.12,1
New_Farmer,0.0,779.71,75.33,2572.83,0
New_Farmer,0.0,619.26,94.52,2001.39,0
New_Farmer,0.0,186.26,42.57,2417.8,1
Experienced,0.7134,205.27,80.07,2688.17,1
New_Farmer,0.0,954.86,40.7,2733.1,1
New_Farmer,0.0,504.29,35.08,1802.21,1
New_Farmer,0.0,348.96,43.3,1506.72,1
New_Farmer,0.0,1046.23,45.15,2560.77,1
New_Farmer,0.0,976.31,50.99,1986.27,1
Experienced,0.7296,1050.64,69.03,1787.94,0
New_Farmer,0.0,714.28,48.75,2052.63,1
Experienced,0.8918,503.82,52.82,2769.89,0
New_Farmer,0.0,183.25,69.54,2505.91,1
Experienced,0.8512,595.87,79.87,1871.93,0
Experienced,0.5651,747.35,49.5,2085.31,1
Experienced,0.8301,646.59,51.54,2328.15,0
Experienced,0.7167,502.72,57.92,2724.19,0
Experienced,0.8769,888.94,73.94,2032.91,0
Experienced,0.5247,729.62,63.19,2250.15,1
Experienced,0.6993,669.64,71.6,1768.66,0
Experienced,0.8242,612.2,64.09,2413.66,0
Experienced,0.5947,823.11,60.81,2305.95,0
New_Farmer,0.0,553.59,69.31,2261.9,1
New_Farmer,0.0,112.57,63.49,2103.36,1
Experienced,0.7278,367.77,85.22,2859.83,1
New_Farmer,0.0,1187.41,12.18,1988.98,1
Experienced,0.5654,725.74,39.51,2002.4,1
New_Farmer,0.0,423.5,44.28,1043.77,1
New_Farmer,0.0,683.3,36.13,1894.72,1
Experienced,0.8337,699.87,79.31,2206.45,0
Experienced,0.5622,599.85,70.44,1870.51,1
Experienced,0.5448,290.41,40.92,1120.5,1
Experienced,0.484,472.58,55.4,2327.82,1
New_Farmer,0.0,768.11,38.91,2068.3,1
Experienced,0.5461,396.72,34.2,1649.19,1
New_Farmer,0.0,694.29,61.0,2699.68,1
New_Farmer,0.0,204.62,37.08,2054.27,1
New_Farmer,0.0,532.07,72.27,1864.52,1
Experienced,0.4248,865.46,43.73,1661.2,1
Experienced,0.5808,699.78,56.6,1852.99,0
Experienced,0.515,620.98,80.42,2121.41,1
Experienced,0.7023,598.87,38.82,1917.04,0
Experienced,0.8644,579.84,67.16,1802.74,0
Experienced,0.4766,699.84,69.42,2801.68,1
New_Farmer,0.0,648.61,50.83,2164.73,1
Experienced,0.5828,156.99,60.55,2548.49,1
Experienced,0.8299,1053.56,52.43,2257.58,0
Experienced,0.6142,700.6,52.86,3140.52,0
Experienced,0.6895,585.35,47.14,2179.73,1
New_Farmer,0.0,670.93,81.82,2242.22,1
New_Farmer,0.0,375.57,51.69,2742.99,1
Experienced,0.8842,930.94,32.85,2681.33,0
Experienced,0.5931,1047.6,59.55,2615.51,1
Experienced,0.4769,422.91,64.53,3109.47,1
Experienced,0.679,856.63,73.54,2426.75,0
New_Farmer,0.0,778.31,40.24,1731.7,1
Experienced,0.7143,461.84,63.88,2327.66,0
New_Farmer,0.0,1557.59,21.49,2241.72,1
New_Farmer,0.0,687.66,24.53,1749.9,1
New_Farmer,0.0,117.93,45.63,1050.28,1
Experienced,0.7751,532.93,56.34,2178.59,0
Experienced,0.4688,718.66,52.91,2489.7,1
New_Farmer,0.0,1010.74,45.09,1782.62,1
New_Farmer,0.0,177.67,61.11,1747.61,1
Experienced,0.869,1135.82,66.35,2598.74,0
New_Farmer,0.0,978.36,55.28,2026.32,1
Experienced,0.5155,1301.47,76.73,1927.13,0
Experienced,0.4419,859.05,65.78,1703.31,1
Experienced,0.8573,973.61,43.91,2336.22,1
Experienced,0.7794,361.25,53.81,1961.49,1
New_Farmer,0.0,610.06,57.77,1748.55,1
New_Farmer,0.0,568.91,46.75,2178.26,1
New_Farmer,0.0,580.6,20.59,2850.96,1
New_Farmer,0.0,897.67,56.43,2559.64,1
New_Farmer,0.0,960.79,43.37,2194.51,1
Experienced,0.7697,485.41,83.09,1421.95,0
Experienced,0.6358,656.51,46.4,1964.07,1
Experienced,0.6025,580.96,56.66,2199.45,0
Experienced,0.6268,971.26,62.27,2415.15,0
New_Farmer,0.0,567.7,29.25,2103.8,1
Experienced,0.6745,640.17,31.48,2246.31,1
Experienced,0.5441,709.69,83.61,1900.95,1
Experienced,0.4924,820.63,56.82,2664.44,0
Experienced,0.439,730.29,43.91,1596.97,1
New_Farmer,0.0,96.33,6.47,1879.15,1
Experienced,0.8646,802.89,13.65,2422.73,1
Experienced,0.8709,770.66,50.09,2440.64,1
New_Farmer,0.0,820.96,63.06,2247.52,1
Experienced,0.7548,625.53,94.85,3338.63,0
Experienced,0.5137,1232.64,65.08,2322.44,0
Experienced,0.577,483.67,83.67,2004.48,1
New_Farmer,0.0,487.73,30.9,1329.32,1
Experienced,0.6247,787.55,68.32,2698.22,0
New_Farmer,0.0,642.56,4.42,1646.51,1
New_Farmer,0.0,849.47,49.02,1039.3,0
Experienced,0.5446,419.25,30.25,2151.19,1
New_Farmer,0.0,936.48,21.88,2487.39,1
New_Farmer,0.0,1117.39,56.83,2402.51,1
Experienced,0.5101,1042.71,35.73,1738.45,1
Experienced,0.4974,559.67,43.46,1402.37,0
Experienced,0.8404,649.53,74.42,1635.46,0
New_Farmer,0.0,681.21,68.23,1543.03,0
New_Farmer,0.0,207.52,61.33,2678.52,0
New_Farmer,0.0,753.43,50.93,1811.64,0
New_Farmer,0.0,187.06,48.46,2575.77,1
New_Farmer,0.0,243.15,24.5,1775.63,1
New_Farmer,0.0,676.86,34.3,2271.25,1
New_Farmer,0.0,489.73,45.55,2701.61,0
Experienced,0.4448,659.76,32.87,1944.52,1
New_Farmer,0.0,721.09,66.39,1622.3,0
Experienced,0.7115,654.62,52.39,2500.93,0
Experienced,0.5285,605.25,41.2,2848.74,0
Experienced,0.8095,1076.1,79.67,2419.41,0
Experienced,0.7585,635.23,47.2,2211.1,1
New_Farmer,0.0,493.59,48.61,2022.49,1
Experienced,0.7274,503.41,72.84,1748.04,0
New_Farmer,0.0,94.4,46.51,1831.66,1
Experienced,0.4769,346.19,66.52,2544.11,1
Experienced,0.7735,445.37,65.62,2004.84,1
New_Farmer,0.0,789.81,24.65,1495.73,1
Experienced,0.7414,870.44,49.01,1640.42,1
New_Farmer,0.0,1234.57,68.94,2483.86,0
Experienced,0.7156,789.73,59.89,2238.09,1
Experienced,0.8575,370.78,50.61,2040.31,1
Experienced,0.4891,966.93,85.07,1756.19,1
New_Farmer,0.0,405.22,63.13,1149.77,1
Experienced,0.4725,829.1,58.08,2407.12,0
Experienced,0.4519,1083.79,56.84,1648.08,1
New_Farmer,0.0,1292.69,68.38,2720.85,0
New_Farmer,0.0,780.2,65.53,2708.61,0
New_Farmer,0.0,594.39,36.76,2525.89,1
Experienced,0.8668,553.79,66.02,2520.99,1
Experienced,0.7575,971.55,44.9,2188.28,0
Experienced,0.6002,451.05,45.18,2275.92,1
Experienced,0.7284,1107.64,62.54,1891.63,1
New_Farmer,0.0,507.59,47.22,2160.49,1
Experienced,0.8746,514.89,77.5,2150.98,0
Experienced,0.7188,697.42,53.42,2288.3,1
Experienced,0.8317,1099.53,84.48,1434.7,0
New_Farmer,0.0,455.07,70.85,1452.78,0
New_Farmer,0.0,681.59,42.12,2649.55,1
Experienced,0.634,535.85,68.95,2365.84,1
Experienced,0.5147,1049.48,62.87,2671.47,1
Experienced,0.8991,242.96,20.29,2632.48,1
New_Farmer,0.0,1155.95,16.8,2097.41,1
New_Farmer,0.0,658.81,87.43,2388.21,0
Experienced,0.6306,547.54,48.35,2610.4,1
Experienced,0.6607,447.05,72.25,1771.11,0
Experienced,0.7861,502.42,78.43,2953.97,0
New_Farmer,0.0,398.22,55.76,1652.04,1
Experienced,0.4016,982.02,68.15,2044.72,0
Experienced,0.5831,996.92,69.81,2551.24,1
Experienced,0.8523,599.43,66.53,2479.74,1
Experienced,0.4,1019.87,69.26,2255.82,0
Experienced,0.7417,1149.78,60.05,1562.16,0
Experienced,0.8889,831.94,41.94,2222.15,0
New_Farmer,0.0,569.19,54.85,3089.18,1
New_Farmer,0.0,637.48,39.23,1809.02,1
Experienced,0.5207,435.63,72.08,2527.97,1
Experienced,0.494,493.03,75.49,2627.85,1
New_Farmer,0.0,710.17,55.52,2512.2,1
New_Farmer,0.0,766.4,47.82,1271.41,1
Experienced,0.793,226.05,57.97,2061.19,1
Experienced,0.533,442.87,60.24,2129.54,1
Experienced,0.5861,552.01,47.0,3021.54,1
Experienced,0.4991,281.89,52.79,2453.71,1
Experienced,0.8528,718.59,56.84,1708.85,1
Experienced,0.7571,840.55,69.21,1610.55,0
New_Farmer,0.0,560.98,29.43,2740.15,1
Experienced,0.8613,1034.85,68.92,1005.9,0
New_Farmer,0.0,1406.08,55.73,2147.35,0
New_Farmer,0.0,808.11,36.78,2231.32,1
Experienced,0.6042,343.92,57.18,2320.96,1
Experienced,0.4897,605.01,46.01,1500.18,1
Experienced,0.4745,651.1,73.97,2861.91,0
Experienced,0.8275,544.9,80.77,2313.54,1
Experienced,0.4573,590.18,31.92,1581.95,1
Experienced,0.4642,900.38,74.53,2005.02,1
New_Farmer,0.0,191.66,46.5,2582.34,1
New_Farmer,0.0,1048.31,79.0,2278.73,0
Experienced,0.4426,967.57,44.93,2164.16,1
Experienced,0.744,646.85,65.35,2225.06,0
New_Farmer,0.0,627.32,48.23,1776.87,1
Experienced,0.4883,657.18,65.72,2834.49,0
Experienced,0.6058,735.64,68.16,2014.4,0
Experienced,0.755,657.12,74.4,1907.98,0
New_Farmer,0.0,92.82,26.74,2230.72,1
New_Farmer,0.0,362.8,66.46,2282.22,0
Experienced,0.4215,787.62,91.07,1162.83,1
New_Farmer,0.0,1194.0,11.48,2055.81,1
New_Farmer,0.0,603.84,62.11,1455.96,0
New_Farmer,0.0,608.64,45.67,2245.48,1
Experienced,0.8619,626.84,60.53,2417.69,0
Experienced,0.5306,150.17,32.34,1306.55,1
Experienced,0.5715,1007.98,70.03,2470.41,0
Experienced,0.5272,1286.17,49.96,3072.26,1
New_Farmer,0.0,567.74,44.33,1228.41,1
Experienced,0.5088,838.02,54.84,2553.32,1
New_Farmer,0.0,598.45,66.22,1941.45,1
New_Farmer,0.0,785.15,42.71,1744.78,1
New_Farmer,0.0,871.88,16.98,2203.84,1
New_Farmer,0.0,1190.52,88.0,1326.25,1
Experienced,0.8862,544.29,58.19,2746.62,0
New_Farmer,0.0,1180.91,42.96,1959.29,1
New_Farmer,0.0,544.2,47.16,1774.0,1
New_Farmer,0.0,722.78,50.95,2210.7,1
New_Farmer,0.0,420.84,88.97,1927.59,1
Experienced,0.6048,859.96,70.58,2937.19,0
Experienced,0.4128,929.35,51.08,2049.65,1
New_Farmer,0.0,719.63,55.51,2332.23,0
Experienced,0.8846,938.67,55.4,1904.66,1
Experienced,0.6872,955.73,41.29,2114.16,0
Experienced,0.6823,722.39,42.3,2205.21,1
Experienced,0.775,524.67,79.07,1725.97,0
Experienced,0.5954,1195.0,82.91,1217.16,1
Experienced,0.579,990.31,62.6,2349.45,1
New_Farmer,0.0,539.67,9.31,1862.24,1
New_Farmer,0.0,630.93,51.93,2068.62,1
Experienced,0.6692,618.78,69.32,2263.01,0
Experienced,0.4062,815.85,53.06,1926.81,1
Experienced,0.6764,161.5,57.18,2428.16,1
Experienced,0.6099,851.8,48.63,3302.12,1
Experienced,0.7722,520.69,61.24,2945.12,0
New_Farmer,0.0,411.79,32.6,1850.59,1
New_Farmer,0.0,862.37,11.03,1129.36,1
Experienced,0.5573,569.37,68.39,2070.24,0
New_Farmer,0.0,1437.97,18.82,2473.85,1
New_Farmer,0.0,137.13,59.38,1511.55,0
New_Farmer,0.0,1073.5,35.68,2539.81,1
New_Farmer,0.0,174.46,84.65,2415.44,0
New_Farmer,0.0,836.99,39.16,2680.01,1
Experienced,0.4352,555.41,55.55,2871.72,1
New_Farmer,0.0,425.47,38.14,2435.66,1
Experienced,0.6439,362.33,49.17,1252.01,1
Experienced,0.4842,502.27,50.82,1786.02,0
Experienced,0.8294,489.67,66.37,1342.71,0
Experienced,0.645,632.52,32.57,2224.92,0
Experienced,0.549,341.44,46.65,1298.95,1
New_Farmer,0.0,448.0,42.8,1277.73,1
Experienced,0.5567,568.56,44.45,2166.83,1
Experienced,0.8767,910.42,51.34,1907.78,0
New_Farmer,0.0,436.43,32.64,1556.95,1
Experienced,0.5158,799.22,72.6,1474.23,1
Experienced,0.6023,808.01,43.49,2193.78,1
New_Farmer,0.0,1023.73,32.93,1812.84,1
Experienced,0.602,497.82,51.1,1514.2,1
Experienced,0.8419,541.43,34.98,1873.72,1
Experienced,0.6355,832.29,63.43,2148.34,0
New_Farmer,0.0,932.8,44.56,1470.71,0
Experienced,0.4338,1174.3,41.66,2608.85,1
Experienced,0.787,692.69,30.66,2165.89,0
New_Farmer,0.0,547.48,52.37,2371.96,1
Experienced,0.6337,876.31,29.53,2797.46,0
New_Farmer,0.0,836.82,28.35,1851.32,1
Experienced,0.7167,710.92,59.1,1898.91,0
Experienced,0.4278,776.72,39.06,1926.72,1
Experienced,0.4392,561.94,61.19,2568.69,1
New_Farmer,0.0,838.34,35.16,1730.91,1
Experienced,0.5113,592.56,72.72,2261.29,0
New_Farmer,0.0,495.77,73.91,2182.14,0
Experienced,0.8986,728.37,41.49,2108.58,0
Experienced,0.8227,678.37,32.57,3275.99,0
Experienced,0.4179,565.73,55.37,1349.71,0
Experienced,0.4668,588.51,71.88,2198.6,0
Experienced,0.6685,760.23,54.85,1980.62,1
Experienced,0.4952,1220.48,78.36,3109.31,1
Experienced,0.4114,697.6,77.11,2934.78,1
Experienced,0.7008,858.19,55.2,2321.49,1
Experienced,0.861,590.48,42.65,2016.76,0
Experienced,0.4357,998.41,59.03,1941.11,1
Experienced,0.6366,798.23,48.88,2482.79,1
Experienced,0.4661,561.32,70.05,2329.04,0
New_Farmer,0.0,828.93,41.33,2401.86,1
Experienced,0.7757,326.41,83.23,1577.28,1
New_Farmer,0.0,680.65,12.5,1925.8,1
Experienced,0.8959,582.03,71.32,1337.27,0
Experienced,0.6638,1041.01,78.6,3216.34,0
Experienced,0.6675,833.02,51.04,1655.75,0
Experienced,0.7855,407.46,43.34,2195.98,1
Experienced,0.7635,642.94,48.67,2066.74,1
New_Farmer,0.0,844.39,95.83,1827.46,0
Experienced,0.5462,485.86,62.83,2016.7,0
New_Farmer,0.0,876.33,8.04,1841.71,1
Experienced,0.4,639.23,42.44,1093.62,1
New_Farmer,0.0,599.83,40.24,2432.9,1
Experienced,0.4526,779.13,40.55,2469.35,1
Experienced,0.451,436.46,57.52,1088.07,1
New_Farmer,0.0,584.34,35.14,2503.14,1
New_Farmer,0.0,650.41,27.16,3162.74,1
Experienced,0.4371,693.31,52.28,1877.44,0
Experienced,0.8583,212.02,64.21,2688.51,1
Experienced,0.6632,533.06,33.45,2265.04,1
Experienced,0.4146,1529.12,57.52,2531.57,0
Experienced,0.8518,203.79,27.64,2077.17,1
New_Farmer,0.0,769.52,27.88,848.63,1
Experienced,0.4994,780.76,62.14,1572.01,1
New_Farmer,0.0,783.69,50.43,2356.83,1
Experienced,0.5854,1096.74,66.95,1562.23,0
Experienced,0.5312,738.08,78.7,1290.09,1
Experienced,0.5922,497.78,48.97,1018.13,1
Experienced,0.5453,398.35,56.54,2095.25,1
New_Farmer,0.0,764.19,55.74,1676.04,1
Experienced,0.468,436.26,21.16,2876.93,1
New_Farmer,0.0,657.25,8.42,2395.77,1
Experienced,0.813,1017.61,84.21,2794.89,0
Experienced,0.4045,727.98,52.59,2726.16,1
New_Farmer,0.0,485.87,79.98,2114.78,0
New_Farmer,0.0,910.21,7.86,2380.44,1
New_Farmer,0.0,648.22,59.51,2613.96,0
Experienced,0.5373,956.64,50.71,2170.16,1
New_Farmer,0.0,253.23,69.49,3204.07,0
Experienced,0.6441,663.05,64.06,2557.01,0
New_Farmer,0.0,747.96,46.02,1746.42,1
Experienced,0.6255,639.01,88.06,1848.45,0
New_Farmer,0.0,735.28,65.64,2707.58,1
Experienced,0.6877,662.91,67.18,1900.16,0
New_Farmer,0.0,425.15,77.8,3165.53,1
New_Farmer,0.0,824.93,61.8,2576.22,1
Experienced,0.5715,482.36,67.29,1442.25,1
New_Farmer,0.0,947.6,38.2,1260.09,1
New_Farmer,0.0,761.59,49.69,3088.28,1
Experienced,0.6411,851.21,37.61,2623.71,0
Experienced,0.4091,745.15,52.0,1791.6,1
Experienced,0.568,777.14,51.19,2325.41,1
Experienced,0.6442,645.17,59.92,2903.0,1
Experienced,0.8454,1006.92,81.29,1965.48,0
New_Farmer,0.0,1137.97,54.97,3249.58,0
Experienced,0.779,470.9,44.5,2097.64,0
Experienced,0.5875,561.14,73.52,2845.52,1
New_Farmer,0.0,654.8,38.07,1975.7,1
Experienced,0.8841,956.1,66.49,2146.9,0
Experienced,0.5094,798.28,50.49,2240.43,1
Experienced,0.6871,874.41,49.87,2659.09,1
Experienced,0.773,638.48,66.76,2036.37,0
Experienced,0.604,991.19,77.98,1553.92,1
New_Farmer,0.0,710.09,29.0,1413.13,1
Experienced,0.4287,1066.41,59.03,2484.34,1
Experienced,0.7306,538.95,46.19,2495.26,1
Experienced,0.8571,755.83,61.42,2704.21,0
New_Farmer,0.0,894.39,6.24,1380.03,1
Experienced,0.7134,516.55,81.41,2314.13,1
Experienced,0.8269,1028.86,43.06,2230.14,1
New_Farmer,0.0,94.28,39.06,1425.48,1
Experienced,0.9,630.89,41.12,3432.35,0
New_Farmer,0.0,168.06,31.64,2380.82,1
Experienced,0.8,473.39,54.1,786.89,0
Experienced,0.7014,566.15,48.81,1946.5,1
Experienced,0.4,751.86,74.54,1677.77,1
Experienced,0.4942,921.19,54.59,2317.93,1
New_Farmer,0.0,960.21,35.79,1831.93,1
New_Farmer,0.0,575.29,59.52,2290.01,1
Experienced,0.8667,954.94,64.2,1899.6,1
New_Farmer,0.0,585.56,59.68,2035.77,0
New_Farmer,0.0,419.83,53.65,2125.67,1
Experienced,0.7556,537.83,68.98,2522.98,1
New_Farmer,0.0,1101.65,53.3,2289.2,0
Experienced,0.5396,656.07,55.44,1490.93,0
New_Farmer,0.0,727.0,60.42,2751.95,1
New_Farmer,0.0,655.47,68.94,1542.04,0
Experienced,0.7088,972.21,57.46,2864.54,0
New_Farmer,0.0,619.41,45.06,1308.56,1
Experienced,0.7986,677.31,53.95,1949.94,0
Experienced,0.7434,991.96,66.19,1456.53,0
Experienced,0.5112,978.37,31.99,2059.33,1
New_Farmer,0.0,937.14,54.64,2320.09,0
Experienced,0.5501,656.01,55.29,2371.53,0
New_Farmer,0.0,714.98,60.46,2186.41,1
Experienced,0.8815,839.5,55.68,2135.29,0
Experienced,0.7786,253.7,61.56,1409.6,1
Experienced,0.5413,434.65,47.86,2401.75,1
Experienced,0.879,1098.93,45.18,2138.43,0
New_Farmer,0.0,506.75,20.41,2847.05,1
Experienced,0.8038,355.77,54.45,2436.18,1
Experienced,0.8778,697.6,44.1,983.01,1
Experienced,0.7942,690.53,60.61,2871.4,1
Experienced,0.4275,636.8,53.01,2173.07,1
Experienced,0.5819,596.71,76.35,1559.45,1
Experienced,0.8648,1117.94,42.06,1939.17,1
Experienced,0.4,591.53,31.01,2660.25,1
Experienced,0.8432,681.78,69.31,1110.72,0
Experienced,0.627,769.45,67.95,2887.04,0
Experienced,0.7053,873.4,45.55,1370.33,0
Experienced,0.5137,702.58,63.84,2339.62,0
New_Farmer,0.0,478.31,39.02,2240.73,1
New_Farmer,0.0,159.02,16.05,2546.11,1
Experienced,0.4393,882.24,61.09,2037.06,1
New_Farmer,0.0,1045.15,30.3,2473.99,1
Experienced,0.6551,295.96,30.58,2078.54,1
Experienced,0.8333,892.35,67.69,1620.5,0
New_Farmer,0.0,671.65,44.43,2188.2,0
New_Farmer,0.0,1100.92,38.82,2653.47,1
Experienced,0.7976,477.12,64.73,2868.13,1
Experienced,0.428,1271.94,51.02,2253.3,1
Experienced,0.4897,726.98,55.06,2384.32,1
Experienced,0.7832,536.17,67.14,2046.46,1
Experienced,0.5183,641.12,32.62,3096.55,1
Experienced,0.6478,558.59,64.19,1835.35,0
Experienced,0.6359,1189.73,68.63,2190.13,0
New_Farmer,0.0,99.53,46.67,2277.01,1
Experienced,0.4284,833.49,80.34,1876.25,0
Experienced,0.8862,663.74,47.97,1939.37,1
Experienced,0.4044,460.33,86.3,1798.17,0
Experienced,0.8328,1194.36,65.16,2024.34,0
Experienced,0.4738,429.35,84.01,2128.1,0
Experienced,0.6476,350.25,49.97,1766.07,1
New_Farmer,0.0,768.94,31.97,2281.12,1
New_Farmer,0.0,746.26,49.87,1943.86,1
New_Farmer,0.0,611.11,47.86,2466.02,1
New_Farmer,0.0,484.13,10.41,1515.99,0
Experienced,0.4,955.61,64.94,1719.0,0
Experienced,0.8558,527.24,58.29,2553.28,0
Experienced,0.6794,755.7,54.67,2463.8,0
New_Farmer,0.0,841.44,67.15,2016.91,0
New_Farmer,0.0,1155.42,72.8,2089.98,0
Experienced,0.609,1202.1,54.57,2310.74,0
New_Farmer,0.0,1517.2,21.42,1212.84,1
Experienced,0.5325,516.3,68.35,1939.02,1
New_Farmer,0.0,303.07,66.73,2090.27,0
New_Farmer,0.0,648.75,46.64,2895.56,1
New_Farmer,0.0,1180.61,57.04,2269.15,1
Experienced,0.7321,955.62,56.89,2685.85,0
Experienced,0.5505,643.38,69.69,2794.69,1
Experienced,0.7974,612.95,91.84,1709.92,0
New_Farmer,0.0,98.48,77.22,1644.59,0
Experienced,0.5853,854.79,37.69,1774.32,1
Experienced,0.6237,1006.41,58.86,1899.37,0
New_Farmer,0.0,692.89,20.17,1672.43,1
Experienced,0.4152,621.82,66.41,1360.6,1
Experienced,0.6384,613.98,41.46,2637.31,1
New_Farmer,0.0,1399.32,28.51,1541.02,1
New_Farmer,0.0,493.72,43.46,2598.95,1
Experienced,0.8481,748.47,78.05,2519.98,0
New_Farmer,0.0,882.89,63.91,1895.09,0
New_Farmer,0.0,421.96,54.26,1731.36,1
New_Farmer,0.0,751.27,78.64,2913.05,0
Experienced,0.4677,1625.8,62.02,1735.49,1
New_Farmer,0.0,689.1,16.65,2597.24,1
Experienced,0.4547,466.1,54.4,1799.53,1
Experienced,0.5645,528.85,75.21,1566.23,0
Experienced,0.7209,845.13,49.28,1247.38,1
New_Farmer,0.0,671.09,43.27,1309.88,0
Experienced,0.416,646.61,58.85,2079.52,1
New_Farmer,0.0,208.4,68.68,1127.48,1
New_Farmer,0.0,399.68,13.09,1759.34,1
New_Farmer,0.0,1449.52,47.4,2663.28,1
Experienced,0.7369,603.14,62.75,2159.15,1
New_Farmer,0.0,609.13,47.42,1766.07,1
Experienced,0.4,1016.27,48.68,3027.73,1
New_Farmer,0.0,373.93,35.89,1375.69,1
New_Farmer,0.0,1025.19,65.32,1543.25,1
Experienced,0.8818,688.74,59.48,2020.78,0
Experienced,0.7121,969.26,82.76,2883.23,0
Experienced,0.5084,752.99,52.32,2849.53,1
Experienced,0.8135,645.33,63.43,1616.08,0
New_Farmer,0.0,995.87,73.9,1714.06,0
Experienced,0.6355,1006.45,52.4,2132.2,0
Experienced,0.4123,616.01,33.46,2597.77,1
New_Farmer,0.0,739.71,12.45,2033.99,1
New_Farmer,0.0,843.99,80.39,1240.13,1
New_Farmer,0.0,1051.79,28.85,1469.81,1
Experienced,0.6891,882.52,55.44,2296.47,1
New_Farmer,0.0,640.32,21.44,2109.13,0
New_Farmer,0.0,1168.81,21.24,2629.15,1
Experienced,0.5709,915.47,56.61,2179.79,1
Experienced,0.5544,173.9,63.41,1752.8,1
New_Farmer,0.0,584.34,81.46,1898.83,1
Experienced,0.5639,656.63,55.51,2180.5,1
New_Farmer,0.0,521.3,45.37,2482.73,0
Experienced,0.4853,853.16,64.55,2263.0,1
Experienced,0.6183,877.83,23.84,2377.73,0
New_Farmer,0.0,582.76,4.42,2642.65,1
New_Farmer,0.0,357.83,86.95,2090.5,0
Experienced,0.5551,1041.64,30.18,1893.37,0
Experienced,0.4907,685.72,62.46,2168.43,1
New_Farmer,0.0,756.16,45.2,2093.6,1
Experienced,0.8815,1195.57,41.16,2304.89,1
Experienced,0.6623,587.02,44.42,2780.76,1
New_Farmer,0.0,184.41,22.85,1412.82,1
New_Farmer,0.0,696.02,25.86,2114.45,1
Experienced,0.6138,808.19,71.46,1848.6,0
Experienced,0.5424,493.22,56.94,2024.26,1
Experienced,0.625,524.91,60.29,2791.84,0
New_Farmer,0.0,881.71,31.69,3366.96,0
Experienced,0.6958,889.14,59.54,1968.74,1
New_Farmer,0.0,842.98,42.25,1991.23,0
Experienced,0.6377,1195.25,54.97,2209.48,1
Experienced,0.7198,478.18,57.71,3106.88,0
Experienced,0.4137,410.69,69.53,2696.04,1
New_Farmer,0.0,808.71,55.11,798.32,0
Experienced,0.5609,729.93,56.18,1790.24,1
Experienced,0.5669,847.26,35.8,2503.11,0
Experienced,0.5169,1054.95,99.46,2543.69,0
New_Farmer,0.0,1039.41,46.36,2900.58,1
Experienced,0.4728,415.39,47.98,2842.13,1
Experienced,0.7123,1068.04,45.33,2566.72,0
New_Farmer,0.0,1005.85,32.32,2678.94,1
New_Farmer,0.0,852.09,21.46,3115.13,1
New_Farmer,0.0,865.03,54.63,2552.15,1
New_Farmer,0.0,846.43,56.7,2209.9,0
New_Farmer,0.0,311.79,39.23,2145.84,1
Experienced,0.6888,604.27,68.14,2171.94,0
New_Farmer,0.0,217.04,58.4,1070.6,0
Experienced,0.8656,272.82,49.47,2846.54,1
New_Farmer,0.0,451.87,34.73,1331.09,1
Experienced,0.4688,1022.34,73.0,2229.74,1
Experienced,0.8678,1446.56,91.67,2890.73,0
Experienced,0.8269,1047.03,54.07,2012.89,0
Experienced,0.5052,527.75,49.67,1449.98,1
New_Farmer,0.0,414.23,54.09,2257.78,1
Experienced,0.731,1045.27,43.73,2959.51,0
Experienced,0.8386,654.15,57.05,2529.71,1
Experienced,0.8459,749.43,30.09,2027.2,1
Experienced,0.8855,706.29,59.97,1363.61,0
New_Farmer,0.0,751.54,27.88,1702.28,1
Experienced,0.7466,436.22,65.12,3115.89,0
Experienced,0.734,795.47,58.36,1850.32,0
Experienced,0.616,1058.86,67.1,2226.73,0
New_Farmer,0.0,105.98,29.24,2000.14,1
Experienced,0.8252,1082.68,60.59,1690.91,0
New_Farmer,0.0,81.69,60.37,2676.45,0
New_Farmer,0.0,443.42,39.28,1297.84,1
New_Farmer,0.0,385.94,50.41,1820.18,1
New_Farmer,0.0,413.8,45.51,1685.62,1
Experienced,0.5782,592.07,38.5,2830.22,0
Experienced,0.5206,998.33,65.6,2257.79,0
Experienced,0.7733,355.21,43.19,2716.56,1
Experienced,0.4491,537.14,41.82,2531.73,1
New_Farmer,0.0,460.9,42.05,2885.92,1
Experienced,0.493,557.2,52.61,1819.74,1
Experienced,0.8157,452.33,35.44,2456.51,1
Experienced,0.7308,475.76,53.04,2921.8,0
New_Farmer,0.0,109.1,47.26,2792.77,1
New_Farmer,0.0,589.43,46.03,2280.49,1
Experienced,0.765,831.55,82.37,2296.7,0
Experienced,0.5754,232.24,51.02,1530.24,1
Experienced,0.6548,353.81,49.05,1823.78,1
New_Farmer,0.0,984.93,62.64,1916.17,1
Experienced,0.7774,909.93,83.54,2751.5,0
Experienced,0.812,471.1,55.61,2438.06,1
Experienced,0.5091,929.78,64.36,2476.62,0
Experienced,0.8133,423.9,90.45,1104.28,0
Experienced,0.7493,767.35,67.72,2071.53,0
New_Farmer,0.0,705.98,48.29,1263.12,1
New_Farmer,0.0,668.35,36.14,2426.97,1
New_Farmer,0.0,941.03,23.52,2145.64,1
Experienced,0.7112,789.95,25.57,1909.0,1
Experienced,0.6491,707.89,85.36,3002.35,0
Experienced,0.8166,518.57,78.02,1620.35,1
Experienced,0.6455,788.47,60.82,2176.71,0
New_Farmer,0.0,876.66,48.24,2009.99,1
Experienced,0.549,281.71,62.57,1597.99,1
New_Farmer,0.0,151.39,63.13,2424.71,0
New_Farmer,0.0,584.61,50.27,2377.98,1
New_Farmer,0.0,957.52,54.78,1621.8,0
Experienced,0.8175,519.14,95.83,1323.89,0
New_Farmer,0.0,728.93,32.73,1886.12,1
Experienced,0.5326,957.94,39.85,1820.02,1
New_Farmer,0.0,498.22,32.46,2765.84,1
Experienced,0.7239,591.89,100.0,1931.46,0
Experienced,0.4462,849.08,58.95,1874.65,1
New_Farmer,0.0,1024.57,8.11,2417.45,1
New_Farmer,0.0,617.76,68.75,1914.58,0
New_Farmer,0.0,269.31,25.01,2321.88,1
New_Farmer,0.0,826.84,50.32,2252.59,1
Experienced,0.4,649.45,57.33,1877.94,1
Experienced,0.4,1049.98,62.68,2576.9,1
Experienced,0.8643,651.82,55.19,2958.08,0
Experienced,0.6427,965.85,16.62,1628.46,0
New_Farmer,0.0,824.91,27.19,2706.64,1
Experienced,0.5729,676.23,39.15,2936.22,1
Experienced,0.6044,932.71,48.89,2580.13,1
Experienced,0.5863,1151.55,69.76,1923.17,0
Experienced,0.5061,488.72,59.46,1341.44,1
Experienced,0.4823,815.05,46.8,2295.82,1
Experienced,0.827,807.27,76.72,2276.25,0
New_Farmer,0.0,816.49,29.9,2924.14,1
Experienced,0.6138,1080.16,68.06,2218.81,0
Experienced,0.4297,510.7,54.74,2921.82,1
Experienced,0.6985,116.06,51.25,1248.33,1
Experienced,0.6524,783.0,52.31,1945.34,1
Experienced,0.7265,179.77,50.73,2939.79,1
Experienced,0.4655,771.82,38.73,2686.93,1
Experienced,0.7822,581.79,48.45,1577.98,1
New_Farmer,0.0,526.69,47.52,2134.79,1
New_Farmer,0.0,745.42,13.7,2670.26,1
Experienced,0.8038,844.95,53.57,1797.58,0
Experienced,0.6981,574.13,74.1,1889.82,0
Experienced,0.8901,525.53,66.67,1932.53,0
New_Farmer,0.0,995.76,45.95,2231.08,1
Experienced,0.8029,726.89,47.27,1390.48,0
Experienced,0.6943,939.46,51.49,2724.99,1
New_Farmer,0.0,416.16,51.41,2064.86,1
Experienced,0.8797,664.44,73.84,2628.59,0
New_Farmer,0.0,872.54,48.67,3025.48,1
Experienced,0.5261,394.49,51.33,1860.21,1
Experienced,0.6845,794.2,49.61,2389.27,1
Experienced,0.7528,810.3,63.24,2621.94,0
New_Farmer,0.0,529.02,50.32,2022.48,1
Experienced,0.4458,988.25,67.68,2810.89,1
New_Farmer,0.0,613.33,4.95,2303.04,0
New_Farmer,0.0,723.12,57.82,2424.35,0
Experienced,0.4873,773.74,83.79,2548.12,0
Experienced,0.4788,546.35,53.26,1988.36,1
Experienced,0.5136,913.26,67.47,2045.69,0
Experienced,0.487,1302.86,42.38,2732.43,0
Experienced,0.8335,1289.48,41.28,1785.29,0
Experienced,0.8466,559.94,85.73,2035.47,0
Experienced,0.406,399.93,66.98,3858.05,1
Experienced,0.8032,1405.89,71.63,2300.72,0
Experienced,0.4354,621.31,27.11,2125.77,1
Experienced,0.5647,597.17,55.64,1679.14,1
Experienced,0.6098,587.93,68.27,824.8,0
New_Farmer,0.0,1258.63,31.11,3332.83,1
Experienced,0.652,951.18,68.56,1234.47,0
Experienced,0.6043,601.56,53.28,2094.86,1
Experienced,0.7787,678.95,69.96,1859.66,0
Experienced,0.7734,1157.44,45.58,2207.13,0
Experienced,0.8374,924.95,55.57,3086.79,0
New_Farmer,0.0,668.86,51.81,2070.91,1
Experienced,0.8352,715.82,55.58,2341.29,0
New_Farmer,0.0,824.93,80.53,1682.28,0
Experienced,0.7191,707.68,73.12,2498.92,0
Experienced,0.7837,1022.58,53.28,1699.52,0
New_Farmer,0.0,937.0,15.09,2538.11,1
Experienced,0.6638,561.88,70.06,1458.55,0
Experienced,0.6883,987.93,60.34,2677.57,0
Experienced,0.6415,199.02,82.27,1654.48,1
New_Farmer,0.0,418.63,34.1,1767.65,1
New_Farmer,0.0,451.54,60.59,2067.74,1
Experienced,0.4327,292.92,50.76,2578.31,1
Experienced,0.8792,1192.67,55.73,1654.32,0
Experienced,0.7222,1294.9,59.94,1730.14,1
Experienced,0.6411,818.85,69.78,1333.35,0
Experienced,0.8141,1087.83,68.9,2962.25,0
Experienced,0.5196,659.96,50.93,1834.41,1
Experienced,0.6035,746.98,74.91,3266.76,0
New_Farmer,0.0,482.67,67.26,2079.59,1
Experienced,0.7757,1040.82,91.67,2044.86,0
Experienced,0.5097,1192.81,77.79,1819.37,0
New_Farmer,0.0,1015.47,31.54,2576.17,1
Experienced,0.5969,1045.35,46.58,2084.33,0
Experienced,0.7286,1116.17,53.55,2385.75,0
New_Farmer,0.0,610.07,18.54,1728.71,1
Experienced,0.65,754.37,76.2,2003.54,0
Experienced,0.6865,765.85,63.78,2622.83,0
Experienced,0.4577,831.51,77.33,2218.56,1
New_Farmer,0.0,224.34,30.85,2275.5,1
Experienced,0.6658,694.41,27.11,2405.36,1
Experienced,0.55,1220.11,32.89,1837.51,1
New_Farmer,0.0,733.65,64.03,1771.45,1
New_Farmer,0.0,812.95,38.14,1763.85,1
New_Farmer,0.0,1146.14,31.35,861.57,1
Experienced,0.839,696.45,93.58,2182.1,0
New_Farmer,0.0,831.73,35.01,2991.55,1
New_Farmer,0.0,877.67,31.41,1428.38,1
New_Farmer,0.0,329.1,67.75,1507.04,0
Experienced,0.5296,682.28,71.85,2364.44,0
Experienced,0.8348,701.6,57.24,2070.98,0
Experienced,0.5225,1076.7,69.78,2585.04,0
New_Farmer,0.0,1179.67,41.05,2571.98,1
Experienced,0.6296,846.89,57.42,2750.0,0
Experienced,0.4722,314.73,75.23,2717.27,1
Experienced,0.8824,793.44,67.93,2046.29,0
Experienced,0.8625,740.11,71.22,3436.49,0
Experienced,0.8168,611.03,62.51,2503.35,1
Experienced,0.5754,411.31,31.04,2424.2,1
Experienced,0.4457,930.05,60.72,2369.69,1
Experienced,0.837,629.41,57.24,2303.62,0
New_Farmer,0.0,270.26,76.21,2579.79,1
New_Farmer,0.0,519.43,40.9,1985.65,1
Experienced,0.8881,957.94,68.29,2024.01,0
New_Farmer,0.0,730.19,77.95,2514.76,0
Experienced,0.854,753.66,73.01,2069.8,0
Experienced,0.4207,403.62,70.17,2495.48,1
Experienced,0.5532,922.12,86.43,1867.92,0
Experienced,0.8261,654.8,38.63,2907.22,1
Experienced,0.5376,974.0,52.58,1844.93,1
Experienced,0.8932,955.77,65.48,2284.32,0
Experienced,0.4288,856.4,65.91,2440.13,0
Experienced,0.4841,1148.27,67.46,1495.33,1
Experienced,0.8765,614.06,39.89,2869.62,0
Experienced,0.751,649.26,53.29,2334.84,0
New_Farmer,0.0,492.32,39.85,2735.36,0
Experienced,0.7538,1098.56,53.04,1799.35,0
New_Farmer,0.0,721.99,9.81,1897.93,1
Experienced,0.7884,687.19,28.76,2026.48,1
New_Farmer,0.0,616.1,56.65,2470.41,1
New_Farmer,0.0,389.16,84.55,2346.78,0
New_Farmer,0.0,725.22,29.06,1593.56,1
New_Farmer,0.0,457.08,27.12,1910.47,1
Experienced,0.7575,308.15,72.14,2996.92,1
New_Farmer,0.0,885.25,16.47,1824.28,1
Experienced,0.8771,955.3,42.25,3337.72,1
Experienced,0.4219,704.65,66.24,1633.47,0
Experienced,0.4851,895.76,55.1,2761.63,1
Experienced,0.8604,815.83,57.03,2590.65,0
New_Farmer,0.0,843.16,73.62,1902.74,0
New_Farmer,0.0,694.49,56.24,2020.7,0
Experienced,0.6217,701.49,57.79,3090.32,1
New_Farmer,0.0,385.41,64.42,1800.75,0
Experienced,0.4105,877.46,46.78,2866.6,1
Experienced,0.4853,261.12,72.73,2151.57,1
New_Farmer,0.0,752.5,95.36,1598.06,0
Experienced,0.8655,1086.94,51.66,3113.23,1
New_Farmer,0.0,983.43,50.68,1767.16,1
Experienced,0.6253,773.06,57.49,2883.28,1
New_Farmer,0.0,476.93,5.84,1913.45,1
Experienced,0.4035,790.33,59.24,2055.32,1
Experienced,0.7271,1044.8,47.51,2563.17,0
Experienced,0.5363,837.41,75.14,2700.53,0
New_Farmer,0.0,220.4,39.52,2912.17,1
Experienced,0.6769,1122.58,59.15,1829.97,1
Experienced,0.8153,451.3,40.16,2196.93,0
New_Farmer,0.0,1125.86,54.51,1802.29,0
New_Farmer,0.0,882.13,66.59,1971.61,0
New_Farmer,0.0,819.81,45.89,2013.39,1
New_Farmer,0.0,713.95,58.31,2170.54,1
Experienced,0.6797,1164.81,64.81,2321.71,1
Experienced,0.6142,587.36,73.82,2165.37,1
Experienced,0.5458,727.96,52.18,2409.78,0
Experienced,0.5373,824.56,72.6,2887.33,1
New_Farmer,0.0,884.88,59.13,1931.59,0
Experienced,0.5823,456.7,52.6,2784.45,0
Experienced,0.8624,545.92,50.99,1863.53,1
New_Farmer,0.0,1153.93,27.18,1182.15,0
Experienced,0.5923,932.27,82.54,2958.03,0
Experienced,0.7466,621.37,57.98,1609.87,1
Experienced,0.4952,779.82,64.95,2669.38,0
Experienced,0.5735,1043.22,61.97,1776.55,1
New_Farmer,0.0,1317.72,33.92,1864.62,1
New_Farmer,0.0,867.45,48.18,2092.44,1
Experienced,0.8542,845.3,45.54,1577.15,0
New_Farmer,0.0,837.7,46.29,2696.33,1
New_Farmer,0.0,572.46,17.24,2194.99,1
Experienced,0.8473,1435.33,56.97,1249.59,1
Experienced,0.5131,621.83,58.99,1273.38,1
Experienced,0.5503,588.18,29.98,2004.94,1
Experienced,0.5272,914.07,63.29,900.62,0
Experienced,0.5172,1229.38,44.31,1865.42,0
Experienced,0.749,797.3,69.68,1330.71,0
New_Farmer,0.0,750.22,65.4,3008.27,0
Experienced,0.826,701.35,34.04,2071.21,1
New_Farmer,0.0,520.32,36.01,1751.38,1
New_Farmer,0.0,1007.74,50.55,2364.51,1
New_Farmer,0.0,344.73,43.89,1775.86,1
Experienced,0.6947,767.46,57.69,2297.86,1
New_Farmer,0.0,876.35,38.54,2220.9,1
New_Farmer,0.0,1031.78,32.67,2260.07,1
Experienced,0.4306,757.53,60.12,1412.94,1
New_Farmer,0.0,799.87,13.99,2096.32,1
New_Farmer,0.0,201.51,75.72,1569.81,1
Experienced,0.4256,519.63,66.74,2554.76,1
Experienced,0.7945,154.05,48.22,1544.29,1
New_Farmer,0.0,650.15,48.04,1851.53,1
Experienced,0.8017,638.5,44.88,2077.1,1
New_Farmer,0.0,1182.53,53.6,2189.4,0
Experienced,0.8709,979.64,60.09,1700.31,0
New_Farmer,0.0,594.56,34.77,2219.4,1
New_Farmer,0.0,661.3,60.67,2048.38,1
New_Farmer,0.0,649.24,39.09,1648.68,1
New_Farmer,0.0,905.71,41.12,2314.35,1
Experienced,0.8678,1133.8,75.49,2109.65,0
Experienced,0.8449,644.41,68.04,1865.86,0
New_Farmer,0.0,497.86,66.92,2236.27,0
New_Farmer,0.0,1155.69,6.33,1887.9,1
Experienced,0.6577,783.69,65.77,2034.18,0
Experienced,0.814,1174.87,55.46,2057.31,0
New_Farmer,0.0,377.89,69.94,2422.52,0
New_Farmer,0.0,674.08,58.88,2137.52,0
Experienced,0.5755,928.8,54.34,1157.57,1
New_Farmer,0.0,1212.55,72.81,2046.82,0
Experienced,0.679,523.88,48.85,1565.24,1
New_Farmer,0.0,1173.05,34.17,2530.76,0
Experienced,0.4696,673.1,46.97,2688.81,0
Experienced,0.5779,1305.65,47.67,2049.26,0
Experienced,0.5418,934.73,76.35,1866.76,0
New_Farmer,0.0,1297.04,35.12,1910.43,1
Experienced,0.7333,365.03,68.48,1597.69,1
New_Farmer,0.0,779.42,71.17,1258.17,0
Experienced,0.8362,430.92,78.16,2746.2,1
New_Farmer,0.0,733.05,66.13,1798.27,0
Experienced,0.6631,1239.76,39.72,1394.64,0
Experienced,0.5596,467.74,51.83,2323.7,0
New_Farmer,0.0,776.27,91.71,1680.5,0
New_Farmer,0.0,545.47,39.34,2838.75,1
Experienced,0.6604,937.47,38.5,2176.07,0
New_Farmer,0.0,869.63,50.57,2913.2,0
Experienced,0.8136,1362.18,58.41,2336.13,0
Experienced,0.5855,536.21,62.71,2359.58,1
Experienced,0.5779,986.07,65.78,2226.99,1
Experienced,0.5492,285.07,36.54,2292.15,1
New_Farmer,0.0,615.13,42.4,1731.39,0
Experienced,0.5447,825.03,66.58,2257.08,1
Experienced,0.5536,487.49,71.07,1504.82,1
New_Farmer,0.0,809.26,57.83,2396.71,1
Experienced,0.4814,688.99,84.45,2151.43,1
New_Farmer,0.0,1074.17,43.24,2265.6,1
New_Farmer,0.0,554.24,58.63,2340.2,1
Experienced,0.4582,1117.83,57.67,2771.22,1
New_Farmer,0.0,973.36,57.86,1871.36,1
New_Farmer,0.0,638.15,46.07,2850.89,0
Experienced,0.6337,820.23,71.54,1778.26,0
New_Farmer,0.0,750.19,52.1,2178.82,1
Experienced,0.6756,949.27,48.1,970.99,1
Experienced,0.7893,496.77,64.41,2196.49,1
New_Farmer,0.0,1329.84,21.51,2527.25,0
Experienced,0.8704,236.59,59.17,1913.06,1
Experienced,0.4497,814.67,60.64,2105.7,0
Experienced,0.4023,586.49,72.45,2009.84,1
New_Farmer,0.0,518.99,22.42,1755.22,1
Experienced,0.7285,943.21,42.19,1557.61,0
Experienced,0.451,824.2,64.9,1761.24,1
Experienced,0.4711,479.99,65.93,3287.02,0
Experienced,0.8881,847.9,61.91,2342.59,0
Experienced,0.8821,170.55,88.53,1509.88,1
Experienced,0.4079,624.78,49.99,2022.57,1
Experienced,0.5232,975.71,72.64,2185.9,1
Experienced,0.7143,752.5,80.24,2072.75,0
Experienced,0.7267,819.54,62.81,2716.51,0
Experienced,0.7918,702.53,61.53,1694.86,0
New_Farmer,0.0,418.99,39.21,2083.2,1
New_Farmer,0.0,860.91,31.6,1625.88,1
Experienced,0.5958,1149.65,46.53,3019.02,0
Experienced,0.5965,696.66,80.59,2652.76,0
Experienced,0.7311,691.39,63.74,1651.33,0
Experienced,0.5966,787.61,70.75,2127.83,1
New_Farmer,0.0,889.44,64.88,2446.39,1
Experienced,0.9,926.08,44.43,1350.11,1
Experienced,0.4822,657.35,32.91,1682.86,1
Experienced,0.6817,950.96,78.9,2876.33,0
Experienced,0.5566,805.45,45.68,2092.04,0
Experienced,0.7726,955.15,48.8,2947.66,1
Experienced,0.7587,1230.87,40.45,2265.27,0
Experienced,0.8762,697.55,60.46,1613.33,1
Experienced,0.6186,520.22,52.59,2430.22,1
Experienced,0.6847,786.3,60.59,2508.54,0
Experienced,0.5016,1029.57,35.03,1935.9,1
Experienced,0.7304,814.83,54.65,3509.32,1
New_Farmer,0.0,582.06,22.08,2609.27,1
Experienced,0.5496,865.54,45.94,3117.45,0
Experienced,0.5737,816.01,69.06,2940.62,1
Experienced,0.8653,716.78,82.82,2592.79,0
Experienced,0.4095,793.63,60.66,2362.8,1
Experienced,0.7923,1255.84,56.92,3102.38,1
Experienced,0.5255,839.17,56.22,1182.44,0
Experienced,0.4064,783.19,55.15,2172.24,1
Experienced,0.8581,487.63,67.02,1830.97,1
Experienced,0.589,311.38,48.68,2540.68,1
New_Farmer,0.0,553.63,15.86,3230.18,1
Experienced,0.5016,528.87,75.76,2132.03,1
Experienced,0.6398,603.68,43.41,2171.31,1
New_Farmer,0.0,552.77,82.16,2634.97,0
Experienced,0.7355,502.84,36.68,2310.79,0
Experienced,0.4631,430.09,44.16,2316.18,1
New_Farmer,0.0,428.92,74.52,3059.95,0
Experienced,0.8982,755.53,22.73,2214.17,0
New_Farmer,0.0,875.86,47.31,1156.74,1
New_Farmer,0.0,653.94,75.37,2207.73,1
Experienced,0.6879,482.45,45.5,1837.86,1
Experienced,0.7031,709.97,53.61,1337.98,0
Experienced,0.7137,761.34,34.38,2043.05,1
Experienced,0.4423,411.68,56.66,2543.72,0
Experienced,0.4411,679.83,46.69,2273.82,0
New_Farmer,0.0,857.52,39.19,1944.87,1
Experienced,0.6805,852.93,65.43,2181.52,0
Experienced,0.6638,602.89,51.85,1778.61,1
Experienced,0.6659,696.98,91.64,1779.2,0
Experienced,0.8071,1231.36,45.59,2297.99,0
Experienced,0.6844,765.69,51.37,2614.09,0
Experienced,0.7067,1045.68,90.36,2333.29,0
Experienced,0.8675,415.06,81.06,2421.68,0
Experienced,0.509,429.75,49.93,1648.9,1
Experienced,0.5082,505.38,71.39,2616.7,0
New_Farmer,0.0,693.41,28.93,2449.27,1
Experienced,0.4957,680.79,62.96,2267.97,1
Experienced,0.4833,463.9,39.63,3084.16,1
Experienced,0.7039,1018.34,73.77,2077.22,0
Experienced,0.5775,781.95,53.07,1969.98,1
New_Farmer,0.0,994.78,34.43,2431.66,1
Experienced,0.6354,726.63,58.42,2867.06,1
Experienced,0.8542,1253.25,60.08,2341.46,0
Experienced,0.8581,1002.62,66.98,2205.1,0
New_Farmer,0.0,547.48,63.32,1469.2,0
New_Farmer,0.0,954.84,34.34,1374.06,1
New_Farmer,0.0,549.38,56.62,2151.59,1
Experienced,0.4655,1054.2,50.12,3488.92,0
New_Farmer,0.0,574.18,38.21,1998.84,1
Experienced,0.7361,892.16,83.63,2174.03,0
New_Farmer,0.0,922.85,52.88,1077.51,0
New_Farmer,0.0,852.14,54.92,2143.52,0
Experienced,0.4501,354.45,40.71,1861.37,1
New_Farmer,0.0,1065.25,43.83,2875.74,1
New_Farmer,0.0,351.18,41.35,2044.29,1
Experienced,0.8251,1231.61,68.73,2613.86,0
New_Farmer,0.0,510.49,22.62,1544.14,1
New_Farmer,0.0,697.88,72.64,1878.43,0
Experienced,0.4368,609.77,75.85,1560.16,1
Experienced,0.6599,678.52,68.15,2349.58,0
Experienced,0.5672,402.11,38.6,1697.87,1
New_Farmer,0.0,1055.54,46.01,1735.85,1
Experienced,0.4211,860.34,49.93,1338.42,1
Experienced,0.421,891.88,41.95,1752.2,0
Experienced,0.5346,1064.78,39.39,2141.94,0
New_Farmer,0.0,940.63,50.79,2380.63,0
Experienced,0.7899,833.95,78.2,1793.33,0
New_Farmer,0.0,821.34,38.8,2624.88,0
Experienced,0.7712,809.97,64.97,2409.05,1
Experienced,0.6932,584.57,79.5,2106.05,1
New_Farmer,0.0,963.71,95.34,1825.19,0
New_Farmer,0.0,477.59,19.82,1941.53,1
Experienced,0.8357,566.53,63.0,3160.85,1
New_Farmer,0.0,509.47,78.41,1900.77,1
New_Farmer,0.0,368.31,78.27,2158.05,1
Experienced,0.8586,1352.85,47.27,1784.77,0
Experienced,0.8316,615.4,73.63,1720.67,0
Experienced,0.6252,547.91,51.79,1512.33,0
Experienced,0.4439,696.97,60.76,2583.03,1
Experienced,0.8018,892.48,41.02,1977.65,0
Experienced,0.6967,228.08,78.57,1465.26,1
Experienced,0.408,780.71,61.7,2573.69,1
New_Farmer,0.0,441.24,53.16,1887.86,0
Experienced,0.8389,719.1,72.67,2841.38,0
New_Farmer,0.0,693.16,34.99,1626.24,1
New_Farmer,0.0,734.43,29.08,1891.6,1
Experienced,0.4067,764.76,31.43,2015.98,0
New_Farmer,0.0,1058.91,73.14,2365.9,0
Experienced,0.6644,1305.94,57.21,3284.84,0
New_Farmer,0.0,785.36,16.28,1943.4,1
Experienced,0.5941,834.45,48.57,2645.21,0
New_Farmer,0.0,860.62,38.33,2002.59,1
Experienced,0.8959,241.9,73.88,2148.71,1
Experienced,0.6557,817.68,52.34,2413.03,0
New_Farmer,0.0,437.85,28.19,2597.25,1
Experienced,0.6749,650.13,79.51,2415.7,0
Experienced,0.81,389.75,50.21,2047.18,1
Experienced,0.8623,623.48,67.47,1913.99,0
New_Farmer,0.0,942.98,37.43,2325.27,0
New_Farmer,0.0,1076.55,41.16,1746.85,0
New_Farmer,0.0,477.34,30.12,1795.73,1
New_Farmer,0.0,315.19,44.71,1994.13,1
New_Farmer,0.0,854.03,52.04,1496.89,0
New_Farmer,0.0,142.45,56.55,2620.92,0
Experienced,0.4494,492.83,73.95,2754.07,1
Experienced,0.8313,766.68,67.64,2124.68,0
Experienced,0.5366,571.65,60.25,2087.4,1
Experienced,0.5287,1291.42,58.2,2109.36,1
New_Farmer,0.0,825.48,27.53,2107.52,1
Experienced,0.8951,565.73,83.19,1534.39,0
Experienced,0.654,577.97,47.59,1687.08,0
Experienced,0.4488,773.42,66.96,1968.6,1
New_Farmer,0.0,412.98,21.76,2303.11,1
New_Farmer,0.0,500.78,89.18,1791.24,0
Experienced,0.4346,175.92,60.84,2344.88,1
New_Farmer,0.0,794.78,52.3,1994.99,0
New_Farmer,0.0,916.12,47.33,2502.73,1
New_Farmer,0.0,543.61,66.38,2313.55,0
New_Farmer,0.0,598.23,49.41,1588.41,0
Experienced,0.8567,946.16,38.37,2106.61,1
New_Farmer,0.0,787.65,68.69,2503.97,1
Experienced,0.4896,1021.82,70.8,2715.46,1
New_Farmer,0.0,490.47,65.61,808.38,0
Experienced,0.5443,1088.06,70.77,2326.57,1
Experienced,0.5044,1117.85,65.95,2247.15,1
New_Farmer,0.0,416.61,42.0,2266.08,1
Experienced,0.5553,843.96,56.28,2741.63,0
Experienced,0.428,700.84,93.27,2892.21,1
New_Farmer,0.0,929.58,49.93,1858.96,1
Experienced,0.7257,1007.22,60.27,1775.57,0
New_Farmer,0.0,505.57,13.38,1501.14,1
New_Farmer,0.0,521.78,41.53,2861.5,1
New_Farmer,0.0,1070.02,44.37,2231.59,1
Experienced,0.6385,875.48,62.06,2148.94,0
Experienced,0.8621,476.21,62.94,1714.91,0
New_Farmer,0.0,527.8,34.09,2899.48,1
New_Farmer,0.0,666.48,55.76,2388.41,0
Experienced,0.8963,926.36,63.32,2752.22,0
New_Farmer,0.0,209.75,61.8,1821.0,1
New_Farmer,0.0,324.62,25.47,1567.27,1
Experienced,0.5813,419.31,74.73,2571.08,0
Experienced,0.6319,467.33,78.42,2011.98,0
New_Farmer,0.0,1199.93,69.74,795.68,0
New_Farmer,0.0,674.58,61.56,2308.1,1
Experienced,0.4,822.37,54.33,2294.83,1
Experienced,0.559,995.94,67.74,2643.03,1
Experienced,0.5619,678.92,31.27,3059.8,1
New_Farmer,0.0,949.16,64.83,1512.68,0
Experienced,0.8162,593.72,88.36,2091.82,1
Experienced,0.6515,157.87,79.41,3556.05,1
New_Farmer,0.0,824.93,37.78,2863.58,1
Experienced,0.8005,687.74,70.11,2155.69,0
Experienced,0.4925,938.64,53.16,2489.28,1
Experienced,0.5156,754.99,41.53,2334.48,0
Experienced,0.7518,1247.38,49.22,2584.14,0
Experienced,0.7491,850.25,44.18,3237.1,1
Experienced,0.591,572.1,48.33,3166.58,0
Experienced,0.6865,303.54,40.66,1806.91,1
Experienced,0.5838,745.27,29.58,1917.73,1
Experienced,0.4619,323.7,55.0,1872.22,1
New_Farmer,0.0,598.15,55.78,2677.71,0
New_Farmer,0.0,897.49,48.5,2853.56,0
New_Farmer,0.0,1003.49,12.3,2476.4,1
Experienced,0.5822,1018.91,60.12,3358.57,0
New_Farmer,0.0,747.49,36.79,2013.65,1
Experienced,0.5266,1162.5,81.44,2557.54,0
Experienced,0.798,536.51,51.02,2219.36,0
Experienced,0.5676,569.37,32.61,2443.07,1
Experienced,0.864,673.76,66.78,2179.97,0
Experienced,0.7593,549.89,72.56,1579.95,0
Experienced,0.8501,151.07,54.86,2213.6,1
Experienced,0.8233,592.47,43.06,2445.06,1
New_Farmer,0.0,546.62,5.64,1747.4,1
Experienced,0.4183,596.76,74.7,2144.87,1
New_Farmer,0.0,369.94,40.45,786.79,1
New_Farmer,0.0,674.25,15.23,1599.0,1
Experienced,0.6512,1132.36,60.63,2408.37,1
Experienced,0.4955,305.66,53.12,1459.41,1
Experienced,0.7315,564.06,49.09,2577.14,1
New_Farmer,0.0,807.34,43.64,1722.21,1
New_Farmer,0.0,1084.96,68.56,2149.86,1
New_Farmer,0.0,268.13,46.46,1776.15,1
Experienced,0.7622,787.15,47.87,3599.58,0
Experienced,0.8069,841.17,70.73,2341.24,0
New_Farmer,0.0,946.63,49.04,3037.54,0
Experienced,0.8578,1098.35,39.03,1437.58,0
Experienced,0.744,583.95,65.44,2663.12,1
Experienced,0.6789,1105.07,72.87,2577.93,0
Experienced,0.6926,813.95,77.55,2361.88,0
Experienced,0.7433,733.54,45.11,2461.73,0
Experienced,0.4758,473.36,61.88,3218.63,1
Experienced,0.4812,688.28,51.15,2926.72,0
Experienced,0.7904,638.83,46.98,2724.07,1
New_Farmer,0.0,436.31,38.27,1648.85,1
Experienced,0.6517,779.02,35.59,3435.95,1
Experienced,0.5429,470.25,60.06,1940.1,1
Experienced,0.831,693.18,69.21,3502.5,0
New_Farmer,0.0,613.06,61.14,2201.51,0
New_Farmer,0.0,289.24,3.52,1600.4,0
New_Farmer,0.0,1398.36,84.13,2876.35,0
New_Farmer,0.0,714.64,37.78,2458.04,1
Experienced,0.5002,742.99,76.32,2837.98,0
Experienced,0.6137,997.44,70.91,2654.41,0
New_Farmer,0.0,1088.47,14.55,1539.01,1
Experienced,0.6129,314.1,59.75,2474.46,1
Experienced,0.6218,381.25,26.87,1761.6,1
New_Farmer,0.0,423.55,38.83,3131.06,1
Experienced,0.6772,691.69,78.67,1894.01,0
New_Farmer,0.0,432.3,33.12,1460.63,1
Experienced,0.9,1065.26,34.79,2919.06,0
Experienced,0.8338,1238.41,61.06,2814.61,0
Experienced,0.4083,972.49,43.69,3019.3,1
Experienced,0.7745,869.96,85.23,1987.38,0
Experienced,0.6064,703.47,63.48,2462.49,1
New_Farmer,0.0,676.9,41.64,2536.82,1
New_Farmer,0.0,674.07,39.39,2923.77,1
New_Farmer,0.0,552.92,71.72,2270.21,0
Experienced,0.5225,767.22,71.12,2084.0,1
New_Farmer,0.0,624.11,36.62,2610.3,1
New_Farmer,0.0,471.65,39.91,1810.44,1
Experienced,0.5698,638.36,84.2,2441.78,0
Experienced,0.7768,1063.11,51.65,1333.71,0
New_Farmer,0.0,1307.64,55.5,1598.01,0
New_Farmer,0.0,1121.2,58.81,2509.13,0
Experienced,0.7295,628.94,41.8,2577.82,1
Experienced,0.6861,411.52,60.5,2212.77,1
New_Farmer,0.0,423.32,60.76,1822.45,1
Experienced,0.7291,933.49,24.84,2141.78,0
New_Farmer,0.0,977.57,44.17,2550.0,1
Experienced,0.7509,482.12,64.68,1253.88,0
Experienced,0.4681,697.84,43.43,2545.61,1
New_Farmer,0.0,724.3,37.14,1935.45,0
New_Farmer,0.0,520.16,38.72,2896.9,1
New_Farmer,0.0,594.85,37.71,1907.4,1
Experienced,0.7455,189.25,41.73,2051.08,1
Experienced,0.4919,728.09,73.95,2299.38,0
New_Farmer,0.0,910.72,64.6,2465.26,0
Experienced,0.4095,1373.7,64.32,1844.17,0
Experienced,0.883,526.82,55.5,2365.15,1
New_Farmer,0.0,1168.0,35.07,2273.23,0
Experienced,0.5045,348.67,72.15,1785.71,1
Experienced,0.4824,728.38,81.25,2394.22,1
New_Farmer,0.0,406.18,69.17,2265.47,1
Experienced,0.4059,540.17,85.42,1426.81,1
New_Farmer,0.0,282.95,50.84,1392.47,1
New_Farmer,0.0,311.74,72.86,1983.88,0
New_Farmer,0.0,1191.8,33.61,1403.34,0
Experienced,0.6161,825.74,55.36,1830.27,1
New_Farmer,0.0,836.26,34.66,2482.33,1
Experienced,0.493,936.61,80.16,2403.76,0
New_Farmer,0.0,1369.41,18.11,2510.24,1
New_Farmer,0.0,1075.02,29.42,2792.43,1
Experienced,0.8767,737.47,85.84,1051.49,0
Experienced,0.9,1006.9,53.35,2760.36,0
Experienced,0.6115,418.08,60.17,2313.3,1
New_Farmer,0.0,452.28,56.42,2512.07,0
Experienced,0.4328,689.45,66.09,3285.23,1
Experienced,0.6545,950.21,58.18,1355.87,1
New_Farmer,0.0,1030.34,9.44,2387.07,1
Experienced,0.8607,1094.9,50.3,2550.0,0
Experienced,0.5994,771.41,67.18,1603.16,0
Experienced,0.8194,935.64,69.4,2298.84,0
Experienced,0.8579,330.73,64.0,2078.24,1
Experienced,0.5975,779.69,81.95,2698.27,1
Experienced,0.7706,787.8,44.63,1650.49,1
New_Farmer,0.0,987.44,58.55,1899.87,0
Experienced,0.7503,934.67,42.76,2255.42,0
Experienced,0.7629,809.93,47.65,2248.36,0
Experienced,0.5617,248.66,55.82,1206.37,1
New_Farmer,0.0,769.74,43.27,1384.14,0
New_Farmer,0.0,1020.29,63.7,1859.73,0
Experienced,0.4189,876.84,68.87,2931.13,1
Experienced,0.8639,860.73,43.11,2506.08,0
New_Farmer,0.0,375.01,14.41,2081.73,1
New_Farmer,0.0,1065.74,25.42,2786.59,0
Experienced,0.6424,1090.3,49.45,1753.16,0
New_Farmer,0.0,647.02,34.2,3298.41,1
New_Farmer,0.0,802.47,38.37,2193.7,1
Experienced,0.8609,716.45,55.32,1990.04,0
Experienced,0.4115,581.3,68.99,2622.63,0
New_Farmer,0.0,1013.13,32.58,1312.32,1
New_Farmer,0.0,719.36,13.77,1695.78,1
Experienced,0.8632,639.3,55.04,1611.39,0
Experienced,0.4986,886.05,47.62,2327.86,1
Experienced,0.7502,544.9,66.17,1858.75,0
Experienced,0.7039,743.2,51.53,2684.15,1
Experienced,0.6783,546.27,74.71,2686.56,1
New_Farmer,0.0,643.16,54.26,2504.8,1
New_Farmer,0.0,432.5,53.14,2049.35,0
Experienced,0.8142,792.64,57.18,3028.21,0
Experienced,0.4885,941.63,49.03,2574.11,1
New_Farmer,0.0,338.43,30.18,1942.35,1
Experienced,0.4061,1087.41,50.49,2311.85,0
New_Farmer,0.0,916.42,49.81,2612.24,1
Experienced,0.8847,676.72,49.9,2382.72,1
Experienced,0.707,942.27,30.74,2124.94,1
Experienced,0.6102,792.12,50.44,1771.25,0
Experienced,0.7705,704.15,61.06,1901.65,0
Experienced,0.8538,769.73,20.89,1597.79,0
Experienced,0.8535,572.04,57.32,3219.44,0
New_Farmer,0.0,443.01,15.08,1417.8,1
Experienced,0.4474,681.77,53.2,2867.47,1
New_Farmer,0.0,629.26,56.92,2191.86,0
Experienced,0.7108,374.76,33.51,1991.21,1
Experienced,0.8024,643.68,50.34,2657.86,1
Experienced,0.6284,329.98,44.93,2135.94,1
Experienced,0.4711,788.04,51.84,1790.79,0
Experienced,0.4395,1092.45,44.06,1715.65,1
Experienced,0.6276,822.51,55.51,2604.42,1
Experienced,0.4173,396.43,81.34,2511.41,1
Experienced,0.7428,550.06,45.29,2132.41,1
Experienced,0.5154,793.23,48.48,2247.38,0
Experienced,0.6622,978.87,57.23,2227.2,1
Experienced,0.5864,497.97,68.09,2235.4,1
Experienced,0.5915,918.05,63.68,1625.64,1
Experienced,0.5078,635.61,59.07,2295.61,0
New_Farmer,0.0,793.16,49.8,1968.86,0
New_Farmer,0.0,383.14,15.83,2041.9,1
Experienced,0.4122,481.79,50.32,2449.5,1
New_Farmer,0.0,539.98,13.66,2187.78,1
Experienced,0.4686,465.22,71.69,2563.25,1
Experienced,0.6658,983.14,40.29,2543.13,1
Experienced,0.7467,934.25,60.11,2792.2,0
Experienced,0.8378,874.93,94.15,2785.29,0
Experienced,0.6898,728.6,84.17,2479.24,0
Experienced,0.8801,711.19,36.54,2226.82,1
Experienced,0.8871,395.6,62.5,2445.2,1
New_Farmer,0.0,1242.02,43.1,1665.77,0
New_Farmer,0.0,653.3,66.68,2306.04,1
Experienced,0.5991,1117.34,40.45,2979.92,0
New_Farmer,0.0,828.93,30.96,2688.61,0
New_Farmer,0.0,600.91,38.1,1778.48,1
New_Farmer,0.0,647.76,55.06,2125.47,0
New_Farmer,0.0,654.79,15.68,2292.15,1
Experienced,0.8642,990.75,65.39,1405.78,0
Experienced,0.63,845.15,70.36,2214.27,0
New_Farmer,0.0,385.57,32.02,1476.84,0
New_Farmer,0.0,486.18,50.49,2609.28,1
Experienced,0.5639,757.35,59.14,2639.94,0
Experienced,0.4557,397.96,59.53,1798.53,0
Experienced,0.5482,1184.9,38.53,3164.48,1
Experienced,0.698,366.38,82.53,2875.52,1
Experienced,0.4109,577.23,71.8,2414.86,0
New_Farmer,0.0,202.71,37.55,2336.47,1
New_Farmer,0.0,931.23,87.42,3034.32,1
Experienced,0.778,534.26,70.62,2749.81,1
Experienced,0.4675,384.62,63.59,2395.31,1
New_Farmer,0.0,821.6,76.79,2974.93,0
Experienced,0.49,183.08,84.3,2958.97,1
Experienced,0.4361,315.93,56.4,3085.95,1
Experienced,0.5752,1102.08,48.05,2244.59,0
New_Farmer,0.0,734.29,19.66,2574.85,1
New_Farmer,0.0,392.04,26.06,1755.17,1
Experienced,0.8407,581.94,94.76,2161.1,0
Experienced,0.6774,545.73,51.87,1503.53,0
New_Farmer,0.0,723.3,27.35,2518.35,1
Experienced,0.4958,789.53,77.3,2514.91,0
Experienced,0.6839,949.93,73.22,1811.25,0
Experienced,0.4621,679.62,58.42,2128.66,1
Experienced,0.8317,436.61,46.15,2008.24,1
Experienced,0.4121,333.22,82.07,2405.87,1
Experienced,0.6651,896.94,99.02,2777.04,0
Experienced,0.4907,367.12,54.9,925.78,1
New_Farmer,0.0,278.47,4.41,1766.89,1
Experienced,0.7392,992.44,71.6,1156.29,0
New_Farmer,0.0,1059.25,24.93,2470.49,1
Experienced,0.7096,964.4,90.53,1619.27,0
Experienced,0.5619,1050.62,74.48,2736.54,1
New_Farmer,0.0,474.38,49.69,2187.93,0
New_Farmer,0.0,933.92,37.6,2102.41,1
Experienced,0.7564,714.56,48.26,1617.57,0
Experienced,0.4484,549.44,31.76,1175.04,1
Experienced,0.867,431.22,64.57,2167.99,1
New_Farmer,0.0,467.52,39.59,2485.24,1
Experienced,0.6243,610.04,38.39,1372.33,1
New_Farmer,0.0,685.15,22.73,3520.32,1
Experienced,0.8086,631.08,90.88,3105.86,0
Experienced,0.8758,946.33,78.13,1698.19,0
Experienced,0.7272,1139.49,84.11,2050.08,0
New_Farmer,0.0,691.82,31.1,1582.66,0
New_Farmer,0.0,860.59,89.97,2365.56,1
New_Farmer,0.0,970.67,43.46,2104.22,1
Experienced,0.8484,646.07,65.39,3201.62,0
New_Farmer,0.0,580.07,31.82,1748.25,1
Experienced,0.633,1041.71,52.25,2332.29,1
Experienced,0.7467,749.14,61.24,2269.27,0
Experienced,0.4204,786.28,32.44,2632.68,1
Experienced,0.8013,973.63,60.78,3512.06,0
Experienced,0.7161,638.92,45.73,2163.24,1
New_Farmer,0.0,831.12,67.13,2493.98,0
New_Farmer,0.0,647.0,54.54,1882.4,1
Experienced,0.8707,751.2,77.2,2157.05,0
Experienced,0.5056,990.87,62.48,1706.42,0
Experienced,0.8873,910.27,81.05,3170.86,0
New_Farmer,0.0,643.05,29.06,2234.57,1
New_Farmer,0.0,234.61,31.94,3640.67,1
New_Farmer,0.0,529.46,70.6,2671.54,0
Experienced,0.7613,483.66,62.84,2367.94,1
Experienced,0.8677,701.2,61.0,1872.71,0
Experienced,0.7773,909.03,96.79,2753.27,0
Experienced,0.6731,787.06,75.84,2635.22,0
New_Farmer,0.0,868.57,53.3,2668.93,1
Experienced,0.8508,1213.17,74.49,3939.47,0
New_Farmer,0.0,269.08,48.97,2321.07,1
Experienced,0.7653,188.57,72.26,2506.08,1
Experienced,0.419,260.01,16.86,1654.2,1
New_Farmer,0.0,743.04,55.46,1591.48,1
Experienced,0.4281,780.61,73.6,2625.38,0
Experienced,0.753,769.98,69.22,2311.25,0
Experienced,0.8063,785.72,36.77,2133.28,0
New_Farmer,0.0,1028.61,47.14,1952.43,0
Experienced,0.433,992.08,65.49,2399.43,0
Experienced,0.5645,948.17,57.81,2140.35,0
Experienced,0.5284,627.2,31.77,1599.04,1
Experienced,0.7374,749.78,76.89,1818.17,0
Experienced,0.7826,344.08,68.59,2974.53,1
New_Farmer,0.0,496.66,30.96,2378.67,1
New_Farmer,0.0,547.58,47.47,2367.34,0
Experienced,0.6278,1094.84,44.43,2152.15,1
Experienced,0.6156,610.23,66.26,2183.0,0
New_Farmer,0.0,902.98,43.35,1888.51,1
New_Farmer,0.0,444.09,35.16,1340.72,1
Experienced,0.7637,721.73,53.46,1528.77,1
Experienced,0.9,773.25,42.98,2195.94,1
New_Farmer,0.0,849.71,59.84,1300.68,0
Experienced,0.7908,856.81,63.73,2443.79,1
Experienced,0.8508,698.68,43.76,1680.27,0
Experienced,0.5627,1272.12,67.55,1864.8,0
Experienced,0.8366,721.6,30.36,1722.62,0
Experienced,0.467,590.59,52.11,2746.28,1
Experienced,0.7817,632.39,40.89,2831.65,0
Experienced,0.8298,774.02,63.27,3799.03,0
Experienced,0.6769,548.53,59.1,2631.86,1
Experienced,0.6378,791.91,67.22,2575.07,1
Experienced,0.7583,776.5,50.92,2701.1,0
New_Farmer,0.0,603.84,23.52,2285.99,1
New_Farmer,0.0,749.18,63.67,2430.86,1
New_Farmer,0.0,783.68,33.83,1727.42,1
Experienced,0.5786,786.68,58.38,2372.57,0
New_Farmer,0.0,1233.97,49.53,2395.45,1
Experienced,0.5375,827.79,39.95,2218.05,0
New_Farmer,0.0,1066.29,37.71,1761.44,1
New_Farmer,0.0,979.41,60.99,2630.96,0
New_Farmer,0.0,832.42,63.12,1609.79,1
New_Farmer,0.0,729.34,45.63,2795.42,1
Experienced,0.7662,850.56,34.42,2729.13,0
Experienced,0.4085,651.63,51.67,3036.53,1
New_Farmer,0.0,164.05,36.47,1738.43,1
Experienced,0.7477,587.75,28.85,2065.8,1
New_Farmer,0.0,1093.27,31.37,2790.18,1
Experienced,0.7737,1075.29,68.19,2521.08,0
Experienced,0.586,359.44,79.95,2274.13,1
Experienced,0.6719,837.83,63.93,1829.47,0
New_Farmer,0.0,562.33,17.96,2072.6,1
Experienced,0.6949,850.3,43.24,1334.72,0
Experienced,0.5907,561.27,66.79,1351.79,1
New_Farmer,0.0,303.34,30.16,2304.48,1
Experienced,0.6004,421.66,37.04,1898.59,1
New_Farmer,0.0,1192.85,73.85,2022.81,1
Experienced,0.8244,793.11,82.6,2469.17,0
New_Farmer,0.0,1210.21,75.91,2187.84,0
Experienced,0.7051,713.28,73.03,1955.3,0
New_Farmer,0.0,789.14,31.84,2500.06,1
Experienced,0.4033,570.04,72.14,2822.81,0
New_Farmer,0.0,966.42,71.55,2245.39,0
New_Farmer,0.0,499.03,17.09,1714.32,1
Experienced,0.5025,442.08,71.24,1868.77,1
Experienced,0.64,1009.52,76.62,2583.8,0
Experienced,0.7032,1132.25,58.8,2596.01,0
Experienced,0.6,746.89,45.9,2455.96,0
New_Farmer,0.0,662.18,5.61,2045.9,1
New_Farmer,0.0,688.73,61.14,2494.26,0
Experienced,0.4689,853.09,56.84,1013.92,1
Experienced,0.8486,821.5,52.22,1856.69,1
Experienced,0.8847,784.21,43.03,2046.46,0
Experienced,0.4959,582.63,68.1,1531.78,1
Experienced,0.8725,1073.26,50.44,2022.28,0
New_Farmer,0.0,818.28,59.43,2252.68,0
Experienced,0.861,801.35,62.42,1324.03,0
Experienced,0.4389,1137.78,74.0,3250.86,1
New_Farmer,0.0,872.03,62.53,2181.55,0
Experienced,0.4928,685.65,83.33,2477.17,0
Experienced,0.6487,846.52,25.72,2361.14,0
New_Farmer,0.0,1106.9,46.18,2681.97,1
Experienced,0.527,801.12,47.1,2077.86,0
New_Farmer,0.0,779.0,37.83,2956.17,0
New_Farmer,0.0,437.75,48.87,2899.87,1
New_Farmer,0.0,485.4,41.1,1732.94,1
New_Farmer,0.0,1079.12,19.0,2505.86,1
New_Farmer,0.0,467.19,56.56,1710.99,0
New_Farmer,0.0,676.14,39.3,2073.75,1
Experienced,0.595,588.3,80.01,1792.18,1
New_Farmer,0.0,746.15,48.85,2278.32,1
New_Farmer,0.0,782.57,48.8,2927.68,1
Experienced,0.4657,746.29,78.03,2228.47,1
Experienced,0.8999,487.02,48.52,2803.39,1
Experienced,0.6387,1002.25,46.34,2376.41,1
New_Farmer,0.0,972.5,64.04,2199.28,0
Experienced,0.7231,769.5,32.95,2577.6,1
Experienced,0.7487,715.39,49.15,2641.27,1
New_Farmer,0.0,777.22,37.85,2505.28,1
New_Farmer,0.0,584.51,71.69,2363.86,0
New_Farmer,0.0,321.52,19.7,2374.43,1
Experienced,0.8172,792.78,66.37,2039.44,0
Experienced,0.6201,836.78,46.34,3084.15,0
Experienced,0.4102,973.64,66.01,2046.66,0
Experienced,0.559,551.98,30.73,3019.57,1
Experienced,0.4645,1023.2,70.33,2766.65,1
New_Farmer,0.0,962.08,32.7,2517.25,1
New_Farmer,0.0,473.64,38.05,2024.21,1
New_Farmer,0.0,906.49,54.13,2038.25,1
New_Farmer,0.0,401.4,66.26,1697.76,0
New_Farmer,0.0,976.9,56.22,1883.39,1
New_Farmer,0.0,783.29,89.14,1877.43,0
Experienced,0.6106,457.79,62.75,1917.88,1
New_Farmer,0.0,95.87,24.62,2810.67,1
Experienced,0.8818,693.43,39.67,1609.83,0
New_Farmer,0.0,824.7,66.11,1002.95,0
New_Farmer,0.0,573.87,50.88,1118.81,1
Experienced,0.667,529.38,35.21,1822.04,0
New_Farmer,0.0,789.11,6.11,2452.99,1
Experienced,0.7163,870.15,46.55,1003.15,1
Experienced,0.8529,646.62,40.31,1225.57,0
Experienced,0.8555,705.7,57.64,2735.46,1
Experienced,0.7921,1130.66,73.79,2051.84,0
New_Farmer,0.0,847.68,56.05,1908.8,0
Experienced,0.5772,1032.74,92.12,1440.99,0
Experienced,0.6579,564.85,57.17,1888.22,0
Experienced,0.5907,1098.3,63.17,2050.13,1
New_Farmer,0.0,1193.62,48.11,1353.73,1
New_Farmer,0.0,631.28,25.89,2415.59,1
New_Farmer,0.0,925.84,81.2,2307.51,0
New_Farmer,0.0,862.16,22.96,2915.47,1
Experienced,0.8574,442.42,41.39,2395.26,0
New_Farmer,0.0,600.81,61.17,2093.77,1
Experienced,0.6451,910.73,68.64,2264.44,0
Experienced,0.881,623.44,87.71,2079.25,0
New_Farmer,0.0,955.13,54.64,2306.8,0
Experienced,0.8434,280.3,37.5,1838.56,1
New_Farmer,0.0,1075.33,50.94,2626.96,1
Experienced,0.7344,230.28,25.39,1730.48,1
Experienced,0.5688,1170.09,95.28,2237.06,1
Experienced,0.5402,819.91,42.28,2025.33,1
Experienced,0.8714,942.74,67.84,2556.3,0
New_Farmer,0.0,600.36,5.16,2020.28,1
Experienced,0.8525,829.23,64.35,2081.98,0
Experienced,0.5987,514.48,79.78,2912.06,0
Experienced,0.6241,526.49,77.22,1894.38,0
New_Farmer,0.0,792.78,45.16,1424.23,1
Experienced,0.4778,685.38,65.7,3014.2,1
Experienced,0.5202,478.86,65.35,1523.99,1
New_Farmer,0.0,771.74,62.85,2116.54,0
Experienced,0.7868,550.21,48.11,2214.09,0
Experienced,0.753,1106.21,65.32,2349.98,1
New_Farmer,0.0,520.4,33.85,2840.93,1
New_Farmer,0.0,449.48,34.62,1877.32,1
Experienced,0.4394,986.02,39.93,2276.04,1
New_Farmer,0.0,555.39,68.72,1999.46,1
Experienced,0.6187,1013.87,53.0,2168.98,0
Experienced,0.4329,513.45,68.64,3085.56,0
Experienced,0.4231,527.4,53.77,2093.56,1
New_Farmer,0.0,647.37,60.1,1773.03,0
New_Farmer,0.0,901.12,75.22,1836.61,0
Experienced,0.6381,708.53,88.73,1734.41,0
Experienced,0.7545,576.28,51.57,2605.99,1
New_Farmer,0.0,85.54,43.89,1136.65,1
Experienced,0.5907,1318.61,73.0,2915.59,0
Experienced,0.8799,922.46,46.36,1695.35,0
New_Farmer,0.0,472.57,37.06,1578.47,0
New_Farmer,0.0,838.95,65.71,2599.35,0
Experienced,0.7376,620.46,62.57,1107.5,0
Experienced,0.4677,963.63,45.6,2199.42,1
Experienced,0.9,603.14,61.82,2001.26,0
Experienced,0.7709,639.46,60.15,2399.55,1
Experienced,0.7078,379.64,42.75,2572.17,1
Experienced,0.4635,1105.87,46.76,2413.41,1
New_Farmer,0.0,1233.56,58.8,1688.25,0
New_Farmer,0.0,773.04,39.56,1660.86,1
New_Farmer,0.0,604.11,24.45,2083.22,1
Experienced,0.838,1142.27,91.42,2541.83,0
Experienced,0.6412,1157.42,51.42,1685.92,0
New_Farmer,0.0,760.89,87.61,2355.43,0
New_Farmer,0.0,1090.38,59.6,2924.27,1
New_Farmer,0.0,949.6,41.84,2773.31,1
Experienced,0.4378,624.87,28.71,2234.32,0
New_Farmer,0.0,748.14,5.41,1827.27,1
Experienced,0.778,886.5,91.48,2128.08,0
Experienced,0.8261,775.77,79.45,1036.43,0
New_Farmer,0.0,797.99,27.07,1933.3,1
New_Farmer,0.0,1300.66,37.24,1692.19,1
Experienced,0.623,1030.87,54.95,1826.74,1
Experienced,0.4991,976.71,75.72,1853.03,1
Experienced,0.8534,956.84,41.17,2728.16,1
Experienced,0.724,642.66,68.73,2248.18,0
New_Farmer,0.0,1086.9,59.82,2054.21,1
New_Farmer,0.0,1267.5,56.01,2081.57,0
Experienced,0.7675,909.78,45.74,2736.25,0
Experienced,0.8213,716.4,81.04,2711.74,0
New_Farmer,0.0,713.14,26.0,2747.58,1
New_Farmer,0.0,875.35,55.67,2108.54,1
Experienced,0.6704,751.76,79.48,2151.52,0
New_Farmer,0.0,858.63,29.38,1690.95,1
New_Farmer,0.0,646.46,22.47,2543.09,1
New_Farmer,0.0,110.3,27.18,1952.06,1
Experienced,0.8186,1068.43,44.2,2150.37,1
New_Farmer,0.0,1213.79,42.81,2047.95,1
Experienced,0.6278,720.71,68.71,2037.11,0
Experienced,0.8912,882.75,49.1,2210.19,1
Experienced,0.5334,558.3,88.06,2666.92,1
Experienced,0.7987,393.66,78.28,2630.56,1
Experienced,0.5611,1145.14,45.34,2527.47,0
New_Farmer,0.0,783.94,40.23,2201.75,1
New_Farmer,0.0,913.14,64.69,2964.63,0
Experienced,0.6254,362.59,51.12,2414.64,1
New_Farmer,0.0,608.32,38.32,1923.36,1
New_Farmer,0.0,1140.31,62.69,2296.73,0
Experienced,0.839,814.32,73.77,2285.6,0
New_Farmer,0.0,964.16,47.73,2363.22,0
New_Farmer,0.0,542.29,52.51,1297.69,0
New_Farmer,0.0,891.67,34.6,1992.42,1
Experienced,0.4564,613.66,58.97,1470.92,0
Experienced,0.428,765.58,56.99,1307.13,1
New_Farmer,0.0,427.82,48.78,1036.1,1
Experienced,0.4222,1099.94,53.66,2232.91,1
New_Farmer,0.0,1243.52,67.42,1851.18,0
Experienced,0.4185,633.41,46.1,1632.31,0
Experienced,0.8534,1239.87,58.82,2542.78,0
New_Farmer,0.0,464.51,42.67,2432.78,0
Experienced,0.8984,1421.02,45.73,2619.79,0
Experienced,0.7055,829.27,51.77,1951.15,1
Experienced,0.7561,763.41,46.12,2895.56,0
New_Farmer,0.0,630.65,26.38,2674.81,1
New_Farmer,0.0,638.29,27.14,2659.57,1
New_Farmer,0.0,1040.43,35.97,1461.27,1
New_Farmer,0.0,1180.48,38.35,1733.69,1
New_Farmer,0.0,504.81,41.41,1640.83,1
Experienced,0.8547,1087.08,43.08,2400.7,1
Experienced,0.5903,445.59,71.76,3211.59,0
Experienced,0.46,648.58,41.69,1361.82,1
Experienced,0.818,911.48,54.23,2637.27,1
New_Farmer,0.0,102.16,25.51,2374.11,1
Experienced,0.5098,543.8,63.2,2213.01,0
Experienced,0.7137,893.3,43.25,2307.36,0
Experienced,0.5546,746.67,91.03,2547.49,1
New_Farmer,0.0,548.77,69.13,2211.53,1
Experienced,0.5335,752.07,67.34,1587.46,1
New_Farmer,0.0,974.17,69.26,1566.09,1
Experienced,0.4898,749.77,70.95,1888.4,1
New_Farmer,0.0,566.2,31.27,3123.49,1
Experienced,0.7935,687.47,65.84,2287.4,0
New_Farmer,0.0,534.56,46.62,2268.51,1
Experienced,0.8893,805.81,80.06,2466.98,0
Experienced,0.686,500.02,74.12,2003.53,1
Experienced,0.4011,934.48,81.28,2181.95,1
Experienced,0.5086,838.51,57.92,1548.43,1
New_Farmer,0.0,921.97,7.57,2048.63,1
Experienced,0.4139,1280.56,67.74,2216.4,0
New_Farmer,0.0,662.7,63.46,1958.27,1
Experienced,0.6484,933.36,51.62,1480.11,1
Experienced,0.6171,780.77,69.06,2916.53,0
New_Farmer,0.0,609.53,64.15,2645.84,0
Experienced,0.5683,750.98,65.41,2490.06,0
Experienced,0.8503,1035.94,62.19,1456.52,0
New_Farmer,0.0,745.85,42.42,2310.94,1
Experienced,0.4666,651.03,62.92,2836.65,0
New_Farmer,0.0,823.29,62.55,2418.62,1
New_Farmer,0.0,1185.96,62.41,2709.8,0
Experienced,0.5742,854.95,72.51,1733.56,1
New_Farmer,0.0,421.21,52.4,3040.88,0
New_Farmer,0.0,1139.98,60.77,2114.48,0
Experienced,0.8611,208.57,52.91,2396.1,1
New_Farmer,0.0,1095.25,27.39,3534.76,1
Experienced,0.4544,739.33,32.29,2513.24,1
Experienced,0.5112,1016.62,67.74,2302.95,0
Experienced,0.5784,883.96,62.2,2055.96,1
New_Farmer,0.0,671.18,58.29,2245.53,1
New_Farmer,0.0,484.8,58.28,2100.41,1
New_Farmer,0.0,298.32,4.77,1512.91,1
New_Farmer,0.0,508.64,61.42,2561.68,0
Experienced,0.5965,970.36,46.19,2090.93,0
Experienced,0.4675,646.17,71.09,2302.64,0
Experienced,0.8843,756.09,46.57,1322.78,1
New_Farmer,0.0,324.04,76.72,2255.37,0
Experienced,0.5233,1029.76,80.67,2587.58,0
Experienced,0.7849,558.82,35.52,2551.5,0
Experienced,0.8361,743.39,50.61,3043.81,1
Experienced,0.6175,439.08,68.52,2431.44,1
Experienced,0.4314,542.37,76.22,1772.02,1
Experienced,0.7773,953.57,63.09,1758.49,0
Experienced,0.4555,440.67,50.13,2188.4,1
New_Farmer,0.0,838.0,49.07,2527.11,1
Experienced,0.8891,260.49,84.97,1920.14,1
Experienced,0.7665,687.28,72.19,2596.29,0
New_Farmer,0.0,857.91,15.38,2415.41,1
New_Farmer,0.0,765.23,32.89,2392.59,1
New_Farmer,0.0,1039.45,27.85,1955.85,0
Experienced,0.467,854.54,42.91,1950.61,1
New_Farmer,0.0,774.27,66.58,1907.33,0
Experienced,0.6672,635.77,85.02,2414.81,0
Experienced,0.4742,1333.73,61.56,2087.28,0
Experienced,0.621,847.91,88.64,1961.79,0
Experienced,0.6271,512.91,75.71,2070.29,1
New_Farmer,0.0,1062.63,62.16,2386.28,0
Experienced,0.6865,737.29,63.87,1787.57,0
Experienced,0.6046,657.86,64.74,1437.62,1
New_Farmer,0.0,898.78,64.05,752.15,0
